一	一	yi1	one; once; a (article) (Kangxi radical 1)	1	trad	0	1
二	二	er4	two (Kangxi radical 7)	2	trad	0	2
三	三	san1	three	3	trad	0	3
四	四	si4	four	4	trad	0	4
五	五	wu3	five	5	trad	0	5
六	六	liu4	six	6	trad	0	6
七	七	qi1	seven	7	trad	0	7
八	八	ba1	eight (Kangxi radical 12); (original meaning: separate; distinguish; all around)	8	trad	0	8
九	九	jiu3	nine	9	trad	0	9
十	十	shi2	ten (Kangxi radical 24)	10	trad	0	10
口	口	kou3	mouth (Kangxi radical 30); (mw for people, mouthfuls)	11	trad	0	11
日	日	ri4	sun; day; date; time (Kangxi radical 72)	12	trad	0	12
月	月	yue4	moon; month; (Kangxi radical 74: moon; Kangxi radical 130: flesh)	13	trad	0	13
田	田	tian2	field (Kangxi radical 102); surname	14	trad	0	14
目	目	mu4	eye; item; section (Kangxi radical 109)	15	trad	0	15
古	古	gu3	ancient; old	16	trad	0	16
胡	胡	hu2	recklessly; non-Han people; why?	17	trad	0	17
吾	吾	wu2	{literary} I; my; our; (first person pronoun)	18	trad	0	18
朋	朋	peng2	friend; companion	19	trad	0	19
明	明	ming2	clear; bright; light; brilliant, understand	20	trad	0	20
品	品	pin3	article; commodity; product; goods; kind; grade; rank; character; disposition; nature; temperament; variety; to taste something; to sample; to criticize; to comment; to judge; to size up	21	trad	0	21
晶	晶	jing1	crystal; clear; bright	22	trad	0	22
昌	昌	chang1	prosperous; flourishing; surname Chang	23	trad	0	23
唱	唱	chang4	sing; call loudly; to chant	24	trad	0	24
早	早	zao3	early; (early) morning; good morning!	25	trad	0	25
旭	旭	xu4	rising sun; dawn; brilliance of the rising sun; surname Xu	26	trad	0	26
世	世	shi4	life; age; generation; world	27	trad	0	27
胃	胃	wei4	stomach	28	trad	0	28
旦	旦	dan4	dawn; morning; day-break	29	trad	0	29
凹	凹	ao1	a depression; indentation; concave	30	trad	0	30
凸	凸	tu1	convex; protruding; to stick out	31	trad	0	31
自	自	zi4	from; since; self (Kangxi radical 132)	32	trad	0	32
白	白	bai2	white; snowy; pure; bright; empty (Kangxi radical 106)	33	trad	0	33
百	百	bai3	hundred	34	trad	0	34
皂	皂	zao4	soap; (of clothes, shoes, etc.) black	35	trad	0	35
中	中	zhong1, zhong4	in the middle; medium; among; China; to hit (the mark); be hit; receive	36	trad	0	36
千	千	qian1	thousand	37	trad	0	37
舌	舌	she2, gua1	tongue (Kangxi radical 135)	38	trad	0	38
升	升	sheng1	rise; hoist; promote; liter / litre	39	trad	0	39
昇	昇	sheng1	rise; hoist; promote (variant of 升)	40	trad	0	40
丸	丸	wan2	ball; pill; pellet	41	trad	0	41
卜	卜	bu3	divination; foretell (Kangxi radical 25)	42	trad	0	42
占	占	zhan4, zhan1	occupy; seize; constitute, to divine; fortune telling	43	trad	0	43
上	上	shang4	above; up; on top; get on; go up; to attend	44	trad	0	44
下	下	xia4	under; below; to descend; to fall; down; next; the second (of two parts)	45	trad	0	45
卡	卡	ka3, qia3	card; calorie; get stuck	46	trad	0	46
卓	卓	zhuo2	outstanding; lofty	47	trad	0	47
朝	朝	chao2, zhao1	to face; towards; dynasty; morning; day	48	trad	0	48
嘲	嘲	chao2	ridicule; tease	49	trad	0	49
只	只	zhi3	only; merely; just; but	50	trad	0	50
贝	貝	bei4	shell; money (Kangxi radical 154)	51	trad	0	51
贴	貼	tie1	to paste; to stick; subsidize; keep close to	52	trad	0	52
贞	貞	zhen1	chaste; virtuous; pure	53	trad	0	53
员	員	yuan2	person engaged in some activity; member; employee	54	trad	0	54
见	見	jian4	see; meet; appear to be ; (Kangxi radical 147)	55	trad	0	55
元	元	yuan2	Chinese monetary unit; dollar; first; principal	56	trad	0	56
页	頁	ye4	page; leaf (Kangxi radical 181)	57	trad	0	57
顽	頑	wan2	mischievous; stubborn; naughty	58	trad	0	58
凡	凡	fan2	ordinary; common; any; all; every	59	trad	0	59
肌	肌	ji1	flesh; muscle tissue	60	trad	0	60
负	負	fu4	to bear; to lose; negative	61	trad	0	61
匀	勻	yun2	even; divided evenly; uniform	62	trad	0	62
句	句	ju4	(mw for sentences or lines); clause; phrase	63	trad	0	63
旬	旬	xun2	ten days; ten years (in age, of the elderly)	64	trad	0	64
勺	勺	shao2	spoon; ladle	65	trad	0	65
的	的	de5, di4, di2	(possessive, modifying, or descriptive particle)	66	trad	0	66
首	首	shou3	head; chief; first; (mw for poems and songs) (Kangxi radical 185)	67	trad	0	67
直	直	zhi2	straight; vertical; frank; directly; continuously	68	trad	0	68
置	置	zhi4	install; to place; put; buy	69	trad	0	69
具	具	ju4	tool; instrument; have	70	trad	0	70
真	真	zhen1	real; true; genuine	71	trad	0	71
工	工	gong1	work; skill (Kangxi radical 48)	72	trad	0	72
左	左	zuo3	the left side; left	73	trad	0	73
右	右	you4	the right side; to the right	74	trad	0	74
有	有	you3	have; there is	75	trad	0	75
贿	賄	hui4	(formal) wealth; bribe; bribery	76	trad	0	76
贡	貢	gong4	offer tribute; contributions; gifts;; surname Gong	77	trad	0	77
项	項	xiang4	nape (of the neck); sum (of money); item; thing; (mw for items, clauses, projects; etc.)	78	trad	0	78
刀	刀	dao1	knife; blade (Kangxi radical 18)	79	trad	0	79
刃	刃	ren4	blade; knife edge	80	trad	0	80
切	切	qie1, qie4	to cut; to slice; rip off; correspond to; absolutely; ardently	81	trad	0	81
召	召	zhao4	call together; summon; convene; recruit	82	trad	0	82
昭	昭	zhao1	clear; obvious; manifest; to show clearly	83	trad	0	83
则	則	ze2	rule; regulation; standard; criterion; then; in that case; (mw for written items)	84	trad	0	84
副	副	fu4	deputy; assistant; vice-; auxiliary; subsidiary; (mw for pairs, sets of things, facial expressions)	85	trad	0	85
丁	丁	ding1	fourth; male adult; robust; cubes (of food); T-shaped; (4th Heavenly Stem) nail (primitive form)	86	trad	0	86
叮	叮	ding1	to sting; to bite; say or ask repeatedly; stick to a point	87	trad	0	87
可	可	ke3	can; may; able to; but; approve; very	88	trad	0	88
哥	哥	ge1	elder brother	89	trad	0	89
顶	頂	ding3	top; roof; (measure word for headwear); crest	90	trad	0	90
乙	乙	yi3	second; someone; so-and-so; (2nd Heavenly Stem) (Kangxi radical 5)	91	trad	0	91
子	子	zi3, zi5	son; child; 1st Earthly Branch (Kangxi radical 39); seed; (noun suffix)	92	trad	0	92
孔	孔	kong3	hole; opening; aperture; surname Kong	93	trad	0	93
吼	吼	hou3	roar; howl	94	trad	0	94
了	了	le5, liao3, liao4	(particle for a new situation or completed action), finish; understand; clear	95	trad	0	95
女	女	nv3	woman; female (Kangxi radical 38)	96	trad	0	96
好	好	hao3, hao4	good; well; nice; very; quite; be fond of	97	trad	0	97
如	如	ru2	if; as if; such as; for example; compared to	98	trad	0	98
母	母	mu3	mother; female (Kangxi radical 80)	99	trad	0	99
贯	貫	guan4	pierce; thread for stringing holed copper coins; thread together	100	trad	0	100
兄	兄	xiong1	elder brother	101	trad	0	101
克	克	ke4	gram; overcome; restrain	102	trad	0	102
小	小	xiao3	small; young (Kangxi radical 42)	103	trad	0	103
少	少	shao3, shao4	few; little; lack; lose; young	104	trad	0	104
吵	吵	chao3	to quarrel; make a noise; noisy	105	trad	0	105
大	大	da4, dai4	big; large; great (Kangxi radical 37)	106	trad	0	106
尖	尖	jian1	point; tip; top; shrill; sharp; acute; (coll.) cream of the crop	107	trad	0	107
夕	夕	xi1	sunset; evening (Kangxi radical 36)	108	trad	0	108
多	多	duo1	many; much; a lot of; more than	109	trad	0	109
够	夠	gou4	enough; to reach	110	trad	0	110
外	外	wai4	outer; outside; in addition; foreign	111	trad	0	111
名	名	ming2	name; reputation; famous; (mw for people)	112	trad	0	112
厚	厚	hou4	thick (for flat things); generous	113	trad	0	113
石	石	shi2	stone (Kangxi radical 112)	114	trad	0	114
砂	砂	sha1	sand; grit; gravel (see also with 氵 radical)	115	trad	0	115
妙	妙	miao4	clever; wonderful; excellent; ingenious; subtle	116	trad	0	116
肖	肖	xiao4, xiao1	resemble; look like; surname Xiao	117	trad	0	117
削	削	xiao1, xue1	to peel with a knife; to cut; to chop; to pare; to reduce; to remove	118	trad	0	118
光	光	guang1	light; ray; bright; only; merely; used up	119	trad	0	119
太	太	tai4	too (much); excessively; highest; greatest	120	trad	0	120
省	省	sheng3, xing3	to save; economize; omit; province; examine oneself; to visit; be aware	121	trad	0	121
奇	奇	qi2, ji1	strange; rare; wonderful; odd (number)	122	trad	0	122
川	川	chuan1	river; Sichuan province (abbr.); a plain (variant of radical 47, 巛)	123	trad	0	123
州	州	zhou1	province; sub-prefecture; federal state	124	trad	0	124
顺	順	shun4	smooth; to obey; to follow; to yield to; to arrange; take the opportunity to; convenient	125	trad	0	125
水	水	shui3	water (Kangxi radical 85)	126	trad	0	126
永	永	yong3	forever; always; eternal	127	trad	0	127
求	求	qiu2	beg, request, beseech; ask (for), demand; seek, strive for; a surname	128	trad	0	128
泉	泉	quan2	fountain; spring	129	trad	0	129
原	原	yuan2	original; raw; level; cause; source; a prairie	130	trad	0	130
愿	願	yuan4	to hope; to wish; desire; be willing	131	trad	0	131
冲	沖	chong1, chong4	to make (coffee, powered milk, etc); to rinse; to rush; to flush; to wash away; thoroughfare; hub; powerful; vigorous; pungent; towards; in view of	132	trad	0	132
泳	泳	yong3	to swim	133	trad	0	133
洲	洲	zhou1	continent; island	134	trad	0	134
沼	沼	zhao3	pond; pool; marsh; swamp	135	trad	0	135
沙	沙	sha1	sand; granule	136	trad	0	136
江	江	jiang1	large river; Yangtze (abbrev.); a surname	137	trad	0	137
汁	汁	zhi1	juice	138	trad	0	138
潮	潮	chao2	tide; current; damp	139	trad	0	139
源	源	yuan2	root; source; origin	140	trad	0	140
活	活	huo2	to live; alive; living; lively; save (a life); work; product	141	trad	0	141
消	消	xiao1	disappear; eliminate; use up (time)	142	trad	0	142
况	況	kuang4	moreover; situation	143	trad	0	143
河	河	he2	river	144	trad	0	144
湖	湖	hu2	lake	145	trad	0	145
测	測	ce4	to measure; predict; fathom	146	trad	0	146
土	土	tu3	earth; soil; land; local (Kangxi radical 32); unsophisticated	147	trad	0	147
均	均	jun1	equal; even; all	148	trad	0	148
肚	肚	du4, du3	belly; stomach; tripe	149	trad	0	149
填	填	tian2	write; fill in	150	trad	0	150
吐	吐	tu3, tu4	to spit; to vomit; throw up; to say; to pour out (one's grievances)	151	trad	0	151
哇	哇	wa1, wa5	wow; (sound of crying or vomiting); (used for 啊 after words ending with u or ao)	152	trad	0	152
寸	寸	cun4	inch; (unit of length) (Kangxi radical 41); a little bit	153	trad	0	153
封	封	feng1	confer; to seal; bestow; (mw for letters)	154	trad	0	154
寺	寺	si4	Buddhist temple; mosque; government bureau or office (in ancient China)	155	trad	0	155
时	時	shi2	time; o'clock; when	156	trad	0	156
火	火	huo3	fire (Kangxi radical 86); urgent; hot (popular); fiery	157	trad	0	157
灰	灰	hui1	ash; gray (grey); dust; lime	158	trad	0	158
烦	煩	fan2	feel vexed; annoyed; to trouble; to bother	159	trad	0	159
炎	炎	yan2	flame; scorching hot; inflammation; -itis	160	trad	0	160
淡	淡	dan4	thin (consistency of liquid); light; mild; bland; tasteless; pale; indifferent	161	trad	0	161
灾	災	zai1	disaster; calamity	162	trad	0	162
照	照	zhao4	shine; illuminate; according to; to take (a photo); license, permit	163	trad	0	163
鱼	魚	yu2	fish (Kangxi radical 195)	164	trad	0	164
渔	漁	yu2	to catch fish	165	trad	0	165
尧	堯	Yao2	surname Yao; Tang Yao (one of five legendary emperors, 2200 BCE)	166	trad	0	166
烧	燒	shao1	to burn; to cook; to stew	167	trad	0	167
晓	曉	xiao3	dawn; daybreak; make explicit; know	168	trad	0	168
里	里	li3	Chinese mile (~.5 km); neighborhood (Kangxi radical 166)	169	trad	0	169
量	量	liang4, liang2	quantity; capacity; to measure	170	trad	0	170
埋	埋	mai2, man2	to bury; to hide; complain	171	trad	0	171
黑	黑	hei1	black; dark (Kangxi radical 203)	172	trad	0	172
点	點	dian3	spot; drop; dot; point; a bit; a little; o'clock; to order (in a restaurant); to light; to ignite	173	trad	0	173
墨	墨	mo4	ink	174	trad	0	174
冒	冒	mao4	to emit; brave; bold; send out; to cover	175	trad	0	175
同	同	tong2	same; similar; together; with	176	trad	0	176
洞	洞	dong4	cave; hole; zero (unambiguous spoken form when spelling out numbers)	177	trad	0	177
向	向	xiang4	direction; towards; to turn; to face	178	trad	0	178
尚	尚	shang4	still; yet; to value; to esteem	179	trad	0	179
字	字	zi4	word; letter; character	180	trad	0	180
守	守	shou3	to guard; keep watch; observe (rules and rituals)	181	trad	0	181
完	完	wan2	finish; be over; complete	182	trad	0	182
实	實	shi2	real; true; honest; solid	183	trad	0	183
宣	宣	xuan1	announce; proclaim	184	trad	0	184
宵	宵	xiao1	night	185	trad	0	185
安	安	an1	peaceful; calm; safe; content; settle; stabilize	186	trad	0	186
宴	宴	yan4	feast; banquet	187	trad	0	187
寄	寄	ji4	send; to mail; depend on	188	trad	0	188
富	富	fu4	wealthy	189	trad	0	189
贮	貯	zhu4	store; save; stockpile	190	trad	0	190
木	木	mu4	tree; wood (Kangxi radical 75)	191	trad	0	191
林	林	lin2	woods; forest; a common surname	192	trad	0	192
森	森	sen1	forest	193	trad	0	193
植	植	zhi2	to plant; grow; establish	194	trad	0	194
杏	杏	xing4	apricot	195	trad	0	195
呆	呆	dai1	stupid; foolish; blank; dumbstruck; to stay	196	trad	0	196
枯	枯	ku1	withered; dried-up	197	trad	0	197
村	村	cun1	village; rustic; boorish	198	trad	0	198
相	相	xiang1, xiang4	each other; mutually; size up by appearance; appearance; posture; Japanese government minister	199	trad	0	199
本	本	ben3	(mw for books); root or stem of plants; origin; this	200	trad	0	200
案	案	an4	(legal) case; incident; record; file	201	trad	0	201
未	未	wei4	not yet; did not; have not (8th Earthly Branch)	202	trad	0	202
末	末	mo4	end; final; tip	203	trad	0	203
沫	沫	mo4	foam; froth; bubbles	204	trad	0	204
味	味	wei4	taste; flavour; odour	205	trad	0	205
妹	妹	mei4	younger sister	206	trad	0	206
查	查	cha2	examine; investigate; to check	207	trad	0	207
渣	渣	zha1	dregs; slag	208	trad	0	208
染	染	ran3	dye; contaminate; catch (a disease)	209	trad	0	209
李	李	li3	plum; surname Li	210	trad	0	210
桌	桌	zhuo1	table	211	trad	0	211
若	若	ruo4	be like; as if; if	212	trad	0	212
草	草	cao3	grass; straw; draft (of a document)	213	trad	0	213
苦	苦	ku3	bitter; hardship; suffering; pain; cause sb. suffering; suffer from; painstakingly	214	trad	0	214
宽	寬	kuan1	wide; broad; relaxed; lenient	215	trad	0	215
叶	葉	ye4, xie2	leaf; page; epoch; harmonize	216	trad	0	216
莫	莫	mo4	do not; there is none who; nobody	217	trad	0	217
模	模	mo2, mu2	model; imitate; mold; pattern	218	trad	0	218
漠	漠	mo4	a desert; indifferent; unconcerned	219	trad	0	219
墓	墓	mu4	tomb; grave	220	trad	0	220
苗	苗	miao2	seedling; sprout	221	trad	0	221
瞄	瞄	miao2	fix one's eyes on; aim	222	trad	0	222
兆	兆	zhao4	omen; million (PRC); trillion (Taiwan); mega- (PRC); tera- (Taiwan); megabyte (PRC)	223	trad	0	223
桃	桃	tao2	peach	224	trad	0	224
犬	犬	quan3	dog (Kangxi radical 94)	225	trad	0	225
尤	尤	you2	outstanding; particularly; especially	226	trad	0	226
默	默	mo4	silent; write from memory	227	trad	0	227
然	然	ran2	correct; thus; so; like that; however	228	trad	0	228
哭	哭	ku1	cry; weep	229	trad	0	229
器	器	qi4	device; tool; utensil	230	trad	0	230
臭	臭	chou4, xiu4	foul; stinking; disgusting; disgraceful; (slang) bad; inferior; defame; discredit; scent; odor	231	trad	0	231
狗	狗	gou3	dog	232	trad	0	232
厌	厭	yan4	loathe; fed up with; be sick of; detest	233	trad	0	233
压	壓	ya1, ya4	to press; push down; keep under (control); in the first place; to crush	234	trad	0	234
牛	牛	niu2	ox; cow; bull (Kangxi radical 93); exceptional (slang)	235	trad	0	235
特	特	te4	special; unusual; extraordinary	236	trad	0	236
告	告	gao4	to tell; inform; to say; to file a lawsuit; to sue	237	trad	0	237
浩	浩	hao4	grand; vast; great; abundant	238	trad	0	238
先	先	xian1	first; early; before	239	trad	0	239
洗	洗	xi3	to wash; bathe	240	trad	0	240
介	介	jie4	be situated between; interpose; upright; armor; shell; (mw for common people and scholars)	241	trad	0	241
界	界	jie4	boundary; scope; extent	242	trad	0	242
茶	茶	cha2	tea	243	trad	0	243
会	會	hui4, kuai4	can; to know how; be good at; be likely to; shall; meeting; conference; accounts	244	trad	0	244
合	合	he2, ge3	to close; to join; to suit; be equal to; whole; together; unit of dry measure for grain equal to one deciliter	245	trad	0	245
哈	哈	ha1	exhale; sip; (sound of laughter)	246	trad	0	246
塔	塔	ta3	pagoda; tower	247	trad	0	247
王	王	wang2, wang4	king; (common surname) (Kangxi radical 96, variant)	248	trad	0	248
玉	玉	yu4	jade (Kangxi radical 96)	249	trad	0	249
球	球	qiu2	ball; globe	250	trad	0	250
现	現	xian4	to appear; to display; present; current; at the time	251	trad	0	251
玩	玩	wan2	to play; have a good time; visit; enjoy	252	trad	0	252
狂	狂	kuang2	crazy; wild; violent; arrogant	253	trad	0	253
皇	皇	huang2	emperor; ruler	254	trad	0	254
煌	煌	huang2	bright; brilliant	255	trad	0	255
呈	呈	cheng2	assume (a form); submit; petition	256	trad	0	256
全	全	quan2	whole; entire; complete	257	trad	0	257
理	理	li3	texture, grain, reason, logic; science; to manage; [usu. in the negative] pay attention to; make a gesture or speak to	258	trad	0	258
主	主	zhu3	owner; host; master	259	trad	0	259
注	注	zhu4	pour; concentrate; (mw for deals and sums of money)	260	trad	0	260
金	金	jin1	gold; metal; money (Kangxi radical 167)	261	trad	0	261
铜	銅	tong2	copper	262	trad	0	262
钓	釣	diao4	to fish (with a hook and line)	263	trad	0	263
针	針	zhen1	needle; injection; pin	264	trad	0	264
钉	釘	ding1, ding4	a nail; to follow closely; to pressure; to nail; sew on	265	trad	0	265
铭	銘	ming2	inscribe; engrave	266	trad	0	266
镇	鎮	zhen4	town; defend; suppress; calm; cool with cold water or ice	267	trad	0	267
道	道	dao4	way; direction; method; road; Dao(ism); MW for long thin things (rivers)	268	trad	0	268
导	導	dao3	to lead; to guide; transmit; instruct	269	trad	0	269
迅	迅	xun4	rapid; quick; hasty; sudden	270	trad	0	270
造	造	zao4	create; to build; concoct; fabricate; achieve; (coll.) run wild; mess things up	271	trad	0	271
巡	巡	xun2	to patrol; make one's rounds; (mw for rounds of drinks)	272	trad	0	272
逛	逛	guang4	to stroll; to visit; go window shopping	273	trad	0	273
车	車	che1, ju1	car; vehicle; machine (Kangxi radical 159); (written) chariot	274	trad	0	274
连	連	lian2	connect; link; in succession; even	275	trad	0	275
莲	蓮	lian2	lotus; water lily	276	trad	0	276
前	前	qian2	before; in front; forward	277	trad	0	277
剪	剪	jian3	cut (with scissors); scissors	278	trad	0	278
输	輸	shu1	to transport; lose (a game, etc.)	279	trad	0	279
逾	逾	yu2	exceed; go beyond	280	trad	0	280
各	各	ge4	each; every	281	trad	0	281
格	格	ge2	grid; rule; (legal) case; style; character; standard	282	trad	0	282
客	客	ke4	guest; customer; visitor	283	trad	0	283
额	額	e2	forehead; amount; quantity; quota	284	trad	0	284
夏	夏	xia4	summer	285	trad	0	285
洛	洛	luo4	(phonetic); Luo River	286	trad	0	286
落	落	luo4, la4, lao4	to fall; drop off; decline; stay behind; leave out/behind	287	trad	0	287
冗	冗	rong3	superfluous; trivial; redundant	288	trad	0	288
沉	沉	chen2	submerge; sink; deep; heavy	289	trad	0	289
军	軍	jun1	army; military; arms	290	trad	0	290
辉	輝	hui1	brightness; luster; brilliance	291	trad	0	291
运	運	yun4	to move; to transport; luck	292	trad	0	292
冠	冠	guan4, guan1	put on a hat; precede; crown with; hat; cap; crown	293	trad	0	293
梦	夢	meng4	dream	294	trad	0	294
坑	坑	keng1	pit; hole; defraud	295	trad	0	295
高	高	gao1	high; tall (Kangxi radical 189)	296	trad	0	296
享	享	xiang3	enjoy; to benefit; have use of	297	trad	0	297
熟	熟	shu2, shou2	ripe; cooked; familiar; skilled	298	trad	0	298
亭	亭	ting2	pavilion; kiosk	299	trad	0	299
亮	亮	liang4	bright; light; shiny	300	trad	0	300
京	京	jing1	capital (of a country); Beijing (abbr.)	301	trad	0	301
凉	涼	liang2, liang4	cool; cold; make something cool/cold	302	trad	0	302
景	景	jing3	bright; circumstance; scenery	303	trad	0	303
就	就	jiu4	then; at once; just; only; with regard to; exactly; precisely	304	trad	0	304
周	周	zhou1	a cycle; circle; complete; all around; (common surname)	305	trad	0	305
周	週	zhou1	week; a cycle	306	trad	0	306
士	士	shi4	scholar; warrior (Kangxi radical 33)	307	trad	0	307
吉	吉	ji2	lucky; (abbr.) Jilin province; giga-	308	trad	0	308
买	買	mai3	to buy	309	trad	0	309
卖	賣	mai4	to sell	310	trad	0	310
书	書	shu1	book; letter	311	trad	0	311
画	畫	hua4	draw; picture; painting	312	trad	0	312
划	劃	hua4, hua2	delimit; to transfer; assign	313	trad	0	313
攻	攻	gong1	to attack; accuse; to study	314	trad	0	314
败	敗	bai4	defeat; loss; fail	315	trad	0	315
故	故	gu4	happening; reason; hence; former	316	trad	0	316
救	救	jiu4	save (life); assist; rescue	317	trad	0	317
敬	敬	jing4	respect; salute; offer politely	318	trad	0	318
敞	敞	chang3	spacious; roomy	319	trad	0	319
言	言	yan2	speak; speech; talk; word (Kangxi radical 149)	320	trad	0	320
警	警	jing3	to alert; alarm; warn; police	321	trad	0	321
计	計	ji4	calculate; compute; to count	322	trad	0	322
狱	獄	yu4	prison; jail	323	trad	0	323
讨	討	tao3	ask for; demand; beg for; denounce	324	trad	0	324
训	訓	xun4	example; pattern; teach; train	325	trad	0	325
话	話	hua4	words; speech; language; dialect	326	trad	0	326
诗	詩	shi1	poem; poetry; verse	327	trad	0	327
语	語	yu3	dialect; language; speech	328	trad	0	328
读	讀	du2, dou4	to read; to study; comma; phrase marked by pause	329	trad	0	329
调	調	diao4, tiao2	transfer; investigate; accent; tune; tone; adjust; reconcile; season (food); provoke	330	trad	0	330
谈	談	tan2	to talk; to chat; discuss	331	trad	0	331
这	這	zhe4, zhei4	this; these	332	trad	0	332
式	式	shi4	type; form; style	333	trad	0	333
试	試	shi4	to try; to test; examination	334	trad	0	334
戈	戈	ge1	dagger-axe; halberd (Kangxi radical 62)	335	trad	0	335
或	或	huo4	or; perhaps	336	trad	0	336
贼	賊	zei2	thief; (slang) meaning “very super”, or “so much” used to replace 很 or 非常 (common in Northern China)	337	trad	0	337
载	載	zai4, zai3	carry; to load; to hold; year; write down	338	trad	0	338
铁	鐵	tie3	iron	339	trad	0	339
茂	茂	mao4	lush; luxuriant, profuse, excellent	340	trad	0	340
成	成	cheng2	finish; complete; accomplish; to turn into; to become	341	trad	0	341
城	城	cheng2	city; town; city walls	342	trad	0	342
诚	誠	cheng2	honest; sincere; true	343	trad	0	343
威	威	wei1	power; might; prestige	344	trad	0	344
灭	滅	mie4	to extinguish; to put out; to go out (of a fire etc.); to exterminate or wipe out	345	trad	0	345
咸	鹹	xian2	all [literary]; Surname Xian	346	trad	0	346
减	減	jian3	subtract; decrease; reduce; cut	347	trad	0	347
单	單	dan1, Shan4	single; odd; simple; only; sheet; list; surname Shan	348	trad	0	348
战	戰	zhan4	fight; war; battle	349	trad	0	349
钱	錢	qian2	money; coin; Chinese Surname	350	trad	0	350
浅	淺	qian3	shallow; simple; superficial; light (of colors)	351	trad	0	351
贱	賤	jian4	inexpensive; cheap; low-down; base; despicable	352	trad	0	352
止	止	zhi3	to stop; prohibit; only (Kangxi radical 77)	353	trad	0	353
步	步	bu4	a step; to walk; to march	354	trad	0	354
涉	涉	she4	wade; to ford; go through; involve	355	trad	0	355
频	頻	pin2	frequently; again and again; (Physics) frequency	356	trad	0	356
肯	肯	ken3	be willing to; to consent; agree	357	trad	0	357
企	企	qi3	plan a project; anxiously expect sth; stand on tiptoe; look forward to	358	trad	0	358
岁	歲	sui4	years old; age	359	trad	0	359
武	武	wu3	martial; military; warlike	360	trad	0	360
赋	賦	fu4	poetic essay; bestow on; endow with; taxation	361	trad	0	361
正	正	zheng4, zheng1	just (right); straighten; rectify; correct; currently; at the moment; straight; pure; precisely; first lunar month	362	trad	0	362
政	政	zheng4	government; politics; affairs of a family	363	trad	0	363
定	定	ding4	to set; to fix; determine; surely; certainly	364	trad	0	364
走	走	zou3	to walk; to go; to move (Kangxi radical 156)	365	trad	0	365
超	超	chao1	super-; exceed; overtake	366	trad	0	366
越	越	yue4	even more; exceed; get over	367	trad	0	367
是	是	shi4	to be, (is,am,are)	368	trad	0	368
题	題	ti2	topic; subject; question on a test or assignment	369	trad	0	369
建	建	jian4	establish; to build; to construct	370	trad	0	370
延	延	yan2	prolong; extend; delay; postpone; defer	371	trad	0	371
诞	誕	dan4	brag; boast; bear children; give birth	372	trad	0	372
楚	楚	chu3	distinct; clear; suffering; one of the Warring States	373	trad	0	373
础	礎	chu3	foundation; base	374	trad	0	374
衣	衣	yi1, yi4	clothing (Kangxi radical 145)	375	trad	0	375
里	裡	li3	inside; internal	376	trad	0	376
哀	哀	ai1	sorrow; mournful; to pity; to lament	377	trad	0	377
袁	袁	yuan2	surname Yuan; (old) long robe	378	trad	0	378
远	遠	yuan3	far; distant; remote	379	trad	0	379
坏	壞	huai4	bad; broken; go bad; spoil	380	trad	0	380
初	初	chu1	at first; (at the) beginning; initial	381	trad	0	381
巾	巾	jin1	piece of cloth; towel; kerchief; head covering; scarf (Kangxi radical 50)	382	trad	0	382
布	布	bu4	cloth; announce; to spread	383	trad	0	383
帽	帽	mao4	hat; cap; headgear	384	trad	0	384
幕	幕	mu4	stage curtain; veil; tent; screen	385	trad	0	385
棉	棉	mian2	cotton	386	trad	0	386
帮	幫	bang1	to help; assist; group; gang	387	trad	0	387
市	市	shi4	market; city	388	trad	0	388
肺	肺	fei4	lung	389	trad	0	389
带	帶	dai4	to bring; to take along; to carry; look after; raise (children); band; belt; ribbon; zone	390	trad	0	390
滞	滯	zhi4	sluggish; block up; obstruct; stagnant	391	trad	0	391
刺	刺	ci4, ci1	thorn; to sting; to prick; to stab; to murder; (onom.) whoosh	392	trad	0	392
制	制	zhi4	system; formulate; restrict	393	trad	0	393
制	製	zhi4	manufacture	394	trad	0	394
云	雲	yun2	cloud; Yunnan province	395	trad	0	395
雨	雨	yu3	rain (Kangxi radical 173)	396	trad	0	396
雷	雷	lei2	thunder; mine (weapon); (slang) terrifying; terrific	397	trad	0	397
电	電	dian4	electricity; electrical	398	trad	0	398
霜	霜	shuang1	frost	399	trad	0	399
冰	冰	bing1	ice	400	trad	0	400
冬	冬	dong1	winter	401	trad	0	401
天	天	tian1	day; sky; heaven; weather	402	trad	0	402
夭	夭	yao1	die young/prematurely; young; tender	403	trad	0	403
乔	喬	qiao2	tall; Joe (phonetic)	404	trad	0	404
桥	橋	qiao2	bridge	405	trad	0	405
娇	嬌	jiao1	lovable; pampered; tender; delicate; frail	406	trad	0	406
立	立	li4	to stand; to set up (Kangxi radical 117)	407	trad	0	407
泣	泣	qi4	to sob; weep; cry	408	trad	0	408
站	站	zhan4	stand; a station; be on one's feet; service center	409	trad	0	409
章	章	zhang1	chapter; section; literary work; seal	410	trad	0	410
竞	競	jing4	compete; contend	411	trad	0	411
帝	帝	di4	emperor; supreme ruler; god	412	trad	0	412
童	童	tong2	child; children; servant boy	413	trad	0	413
钟	鐘	zhong1	clock; bell	414	trad	0	414
商	商	shang1	commerce; consult; Shang dynasty	415	trad	0	415
适	適	shi4	suitable; right; well	416	trad	0	416
敌	敵	di2	enemy; to be a match for	417	trad	0	417
匕	匕	bi3	spoon; dagger (Kangxi radical 21)	418	trad	0	418
北	北	bei3	north	419	trad	0	419
背	背	bei4, bei1	back; to carry on one's back; to have one's back to; to leave; to recite	420	trad	0	420
比	比	bi3	compare; (indicates comparison) (Kangxi radical 81); to gesticulate as one talks	421	trad	0	421
昆	昆	kun1	elder brother; descendant; style of poetry	422	trad	0	422
混	混	hun4, hun2	to mix; mingle; get along; confused or muddy (for this sense only, also written as 渾｜浑)	423	trad	0	423
皆	皆	jie1	all; each and every; in all cases	424	trad	0	424
此	此	ci3	this; these	425	trad	0	425
些	些	xie1	some; few; several; (mw for indefinite amount)	426	trad	0	426
它	它	ta1	it	427	trad	0	427
旨	旨	zhi3	imperial decree; edict; aim; purpose	428	trad	0	428
脂	脂	zhi1	fat; grease; lard	429	trad	0	429
每	每	mei3	each; every	430	trad	0	430
梅	梅	mei2	plum; prunes	431	trad	0	431
海	海	hai3	ocean; sea	432	trad	0	432
乞	乞	qi3	beg; request	433	trad	0	433
吃	吃	chi1	to eat	434	trad	0	434
干	乾	gan1, qian2	"dry; clean; ""sky"" or ""male"" in Eight Trigrams; surname Qian"	435	trad	0	435
复	複	fu4	to repeat; to double; overlap	436	trad	0	436
腹	腹	fu4	abdomen; stomach; belly	437	trad	0	437
欠	欠	qian4	yawn; to lack; owe (Kangxi radical 76)	438	trad	0	438
吹	吹	chui1	to blow; to blast; to puff	439	trad	0	439
歌	歌	ge1	song	440	trad	0	440
软	軟	ruan3	soft	441	trad	0	441
次	次	ci4	(mw for number of times of occurrence); nth; order	442	trad	0	442
资	資	zi1	resources; capital; wealth; provide; to support	443	trad	0	443
姿	姿	zi1	beauty; disposition; looks; appearance	444	trad	0	444
谘	諮	zi1	consult; discuss; inquire	445	trad	0	445
赔	賠	pei2	compensate; pay damages; stand a loss (in business)	446	trad	0	446
培	培	pei2	foster; cultivate; bank up with earth	447	trad	0	447
音	音	yin1	sound; news; syllable (Kangxi radical 180)	448	trad	0	448
暗	暗	an4	dark; gloomy; hidden; secret	449	trad	0	449
韵	韻	yun4	rhyme; rhyme-class; musical sound; charm; appeal; vowel	450	trad	0	450
识	識	shi2	to know; recognize; knowledge; experience	451	trad	0	451
帜	幟	zhi4	flag; pennant; sign	452	trad	0	452
竟	竟	jing4	unexpectedly; to one's surprise; finally; go so far as to	453	trad	0	453
镜	鏡	jing4	mirror; lens	454	trad	0	454
境	境	jing4	border; place; condition; boundary	455	trad	0	455
亡	亡	wang2	die; perish; flee	456	trad	0	456
盲	盲	mang2	blind; unperceptive; shortsighted	457	trad	0	457
妄	妄	wang4	absurd; fantastic; reckless	458	trad	0	458
望	望	wang4	to hope; expect; gaze in the distance; to visit; full moon	459	trad	0	459
方	方	fang1	square; direction; side; surname (Kangxi radical 70)	460	trad	0	460
妨	妨	fang2	interfere with; impede; hinder; harm	461	trad	0	461
放	放	fang4	put; to place; to release; to free	462	trad	0	462
激	激	ji1	arouse; incite; excite	463	trad	0	463
于	於	yu2	in; at; to	464	trad	0	464
旁	旁	pang2	side, beside	465	trad	0	465
兑	兌	dui4	exchange; to convert; to add (liquid); to blend	466	trad	0	466
脱	脫	tuo1	to shed (of hair, skin); take off; to escape	467	trad	0	467
说	說	shuo1, shui4	speak; to say; to talk	468	trad	0	468
曾	曾	ceng2, zeng1	once; in the past; separated by two generations; surname Zeng	469	trad	0	469
增	增	zeng1	increase; expand; add	470	trad	0	470
赠	贈	zeng4	give (a present); bestow; confer	471	trad	0	471
东	東	dong1	East; master; owner	472	trad	0	472
栋	棟	dong4	roof beam; (mw for buildings)	473	trad	0	473
冻	凍	dong4	to freeze	474	trad	0	474
也	也	ye3	also; too, as well as	475	trad	0	475
她	她	ta1	she	476	trad	0	476
地	地	di4, de5	earth; ground;; - ly (structural particle: used before a verb or adjective, linking it to preceding modifying adverbial adjunct)	477	trad	0	477
池	池	chi2	pond; pool; reservoir	478	trad	0	478
虫	蟲	chong2	worm; insect	479	trad	0	479
蛇	蛇	she2	snake; serpent	480	trad	0	480
蛋	蛋	dan4	egg	481	trad	0	481
风	風	feng1	wind; news; style (Kangxi radical 182)	482	trad	0	482
讽	諷	feng3	satirize; mock; ridicule; chant; intone	483	trad	0	483
己	己	ji3	self (6th Heavenly Stem) (Kangxi radical 49)	484	trad	0	484
改	改	gai3	to change; alter; to transform; correct, check (homework)	485	trad	0	485
记	記	ji4	to remember; to record; to note	486	trad	0	486
已	已	yi3	to stop; already; afterwards (Kangxi radical 49, var. 1)	487	trad	0	487
包	包	bao1	to cover; to wrap; to hold; include; bag; (mw for containers, packages, etc.)	488	trad	0	488
泡	泡	pao4, pao1	bubble; blister; to steep; to make (drinks); to soak; dawdle; puffed; swollen; spongy; (MW for urine or feces)	489	trad	0	489
起	起	qi3	to rise; to raise; get up	490	trad	0	490
家	家	jia1	family; home; household; MW for businesses	491	trad	0	491
场	場	chang3, chang2	courtyard; place; field; (mw for games, performances, etc.); threshing floor	492	trad	0	492
汤	湯	tang1	soup	493	trad	0	493
羊	羊	yang2	sheep (Kangxi radical 123)	494	trad	0	494
美	美	mei3	beautiful; America	495	trad	0	495
洋	洋	yang2	foreign; ocean; modern	496	trad	0	496
鲜	鮮	xian1, xian3	fresh; delicious; rare; few	497	trad	0	497
达	達	da2	to reach; attain; inform; prominent; until	498	trad	0	498
样	樣	yang4	appearance; shape; form; manner; sample; model; pattern; tendency; likelihood	499	trad	0	499
差	差	cha4, cha1, chai1	poor; to lack; difference; to dispatch	500	trad	0	500
集	集	ji2	gather; collect; volume; episode	501	trad	0	501
进	進	jin4	enter; come in	502	trad	0	502
准	準	zhun3	standard; accurate; definitely; allow; permit	503	trad	0	503
谁	誰	shei2, shui2	who	504	trad	0	504
售	售	shou4	to sell; succeed (in a plan/intrigue)	505	trad	0	505
虽	雖	sui1	although; even though	506	trad	0	506
确	確	que4	real; true; firmly; authentic; indeed	507	trad	0	507
午	午	wu3	noon (7th Earthly Branch)	508	trad	0	508
许	許	xu3	allow; to permit; to praise; maybe; perhaps	509	trad	0	509
羽	羽	yu3	feather (Kangxi radical 124)	510	trad	0	510
习	習	xi2	to practice; be used to; custom	511	trad	0	511
翔	翔	xiang2	soar; glide; circle in the air	512	trad	0	512
困	困	kun4	tired; surround; hard-pressed; stranded; destitute	513	trad	0	513
固	固	gu4	become solid; strong; hard; strength	514	trad	0	514
国	國	guo2	country; state; nation	515	trad	0	515
圆	圓	yuan2	round; circular; formal unit of Chinese currency	516	trad	0	516
因	因	yin1	cause; reason; because; on account of	517	trad	0	517
园	園	yuan2	garden	518	trad	0	518
回	回	hui2	to return; go back; turn around; to reply; occasion (mw for matters or actions); the Hui nationality	519	trad	0	519
迴	迴	hui2	circle; make a circuit	520	trad	0	520
图	圖	tu2	diagram; plan; picture; pursue; seek; plan for	521	trad	0	521
店	店	dian4	shop; store; inn	522	trad	0	522
库	庫	ku4	warehouse; storehouse	523	trad	0	523
裤	褲	ku4	trousers; pants	524	trad	0	524
厂	廠	chang3	factory	525	trad	0	525
床	床	chuang2	bed; couch; mv for blankets, duvets or sheets	526	trad	0	526
麻	麻	ma2	hemp; numb; tingling; sesame (Kangxi radical 200)	527	trad	0	527
心	心	xin1	heart; mind (Kangxi radical 61)	528	trad	0	528
忘	忘	wang4	forget; overlook; to neglect	529	trad	0	529
忍	忍	ren3	to bear; endure; tolerate; put up with	530	trad	0	530
认	認	ren4	recognize; know; admit	531	trad	0	531
志	志	zhi4	aspiration; will	532	trad	0	532
志	誌	zhi4	sign; record; remember; keep in mind	533	trad	0	533
思	思	si1	think; consider	534	trad	0	534
意	意	yi4	meaning; thought; wish; expect	535	trad	0	535
想	想	xiang3	think; believe; suppose; wish; would like to; remember with longing; to miss	536	trad	0	536
息	息	xi1	breath; news; interest (on money); cease; to stop; to rest	537	trad	0	537
恐	恐	kong3	afraid; to fear; intimidate	538	trad	0	538
感	感	gan3	to feel; to move; sense	539	trad	0	539
憾	憾	han4	regret; remorse; dissatisfied	540	trad	0	540
忧	憂	you1	to worry; worried; grief; sorrow	541	trad	0	541
怕	怕	pa4	be afraid; fear	542	trad	0	542
忙	忙	mang2	busy	543	trad	0	543
惯	慣	guan4	accustomed to; used to	544	trad	0	544
怀	懷	huai2	bosom; mind; heart; think of; cherish; conceive (a child)	545	trad	0	545
必	必	bi4	certainly; must; necessarily; will	546	trad	0	546
手	手	shou3	hand (Kangxi radical 64)	547	trad	0	547
看	看	kan4, kan1	see; look at; to watch; regard; watch over; look after	548	trad	0	548
拿	拿	na2	carry in your hand; take; get	549	trad	0	549
我	我	wo3	I; me	550	trad	0	550
义	義	yi4	justice; righteousness; meaning	551	trad	0	551
议	議	yi4	opinion; viewpoint; discuss; debate	552	trad	0	552
蚁	蟻	yi3	ant	553	trad	0	553
抱	抱	bao4	to hold; to hug; carry in one's arms; to cradle	554	trad	0	554
抗	抗	kang4	resist; to fight; defy	555	trad	0	555
批	批	pi1	criticize; to comment; wholesale; (mw for batches, lots, etc.)	556	trad	0	556
招	招	zhao1	to beckon; provoke; to recruit; to attract 	557	trad	0	557
打	打	da3, da2	to hit; to beat; to play; to type; dozen	558	trad	0	558
指	指	zhi3	finger; to point; refer to	559	trad	0	559
持	持	chi2	to hold; to support; manage; oppose	560	trad	0	560
括	括	kuo4	draw together (muscles, etc.); to contract; enclose; include	561	trad	0	561
提	提	ti2, di1	to carry; to lift; to raise (an issue); to mention; to bring up	562	trad	0	562
挥	揮	hui1	to wave; brandish; wield; wipe away; command (troops)	563	trad	0	563
推	推	tui1	to push; to scrape; to decline; postpone; elect	564	trad	0	564
接	接	jie1	receive; connect; to meet; to pick up (sb.); to answer (the phone)	565	trad	0	565
挂	掛	gua4	hang; put up; suspend	566	trad	0	566
按	按	an4	press down; to push; according to	567	trad	0	567
掉	掉	diao4	to drop; to fall	568	trad	0	568
拉	拉	la1, la2	to pull; to play (string instruments); to drag; to slash; to chat	569	trad	0	569
啦	啦	la5, la1, la2	sentence-final particle: a contraction of 了 (le) and 啊 (a); (onomatopoeia);; Indicates exclamation	570	trad	0	570
找	找	zhao3	look for; seek; give change	571	trad	0	571
研	研	yan2	to grind; study; research	572	trad	0	572
弄	弄	nong4, long4	do; manage; to handle; make; lane; alley	573	trad	0	573
鼻	鼻	bi2	nose (Kangxi radical 209)	574	trad	0	574
刑	刑	xing2	punishment; torture; death penalty	575	trad	0	575
型	型	xing2	model; type (e.g. blood)	576	trad	0	576
才	才	cai2	ability; talent; just now; not until	577	trad	0	577
财	財	cai2	wealth; money; property	578	trad	0	578
存	存	cun2	exist; survive; to deposit; to store	579	trad	0	579
在	在	zai4	be at, on, in (a place or time); exist; rest with; (indicating an action in progress)	580	trad	0	580
乃	乃	nai3	(formal) to be; thus; so; therefore; only then; you; your	581	trad	0	581
奶	奶	nai3	breast; milk	582	trad	0	582
及	及	ji2	and; to reach; up to	583	trad	0	583
吸	吸	xi1	breathe; suck in; absorb; inhale	584	trad	0	584
史	史	shi3	history	585	trad	0	585
更	更	geng4, geng1	more; even more; change; watch (e.g. of a sentry or guard)	586	trad	0	586
硬	硬	ying4	hard; stiff; obstinately	587	trad	0	587
又	又	you4	(once) again; also; both (Kangxi radical 29)	588	trad	0	588
友	友	you3	friend	589	trad	0	589
双	雙	shuang1	two; double; (mw for pairs)	590	trad	0	590
只	隻	zhi1	(mw for birds and certain animals)	591	trad	0	591
护	護	hu4	protect	592	trad	0	592
获	獲	huo4	to catch; obtain	593	trad	0	593
观	觀	guan1, guan4	look at; observe; point of view; outlook; wait; see; Taoist monastery （guan4)	594	trad	0	594
欢	歡	huan1	happy; vigorous	595	trad	0	595
投	投	tou2	to throw; send; invest	596	trad	0	596
没	沒	mei2, mo4	not have; there is not; (negative verb prefix); to drown; submerge	597	trad	0	597
设	設	she4	set up; arrange; establish	598	trad	0	598
股	股	gu3	thigh; rump; section; share (in a company); (mw for smells, string-shaped things, electric currents)	599	trad	0	599
支	支	zhi1	branch; to support; put up; to pay; (mw for long, narrow objects) (Kangxi radical 65)	600	trad	0	600
技	技	ji4	skill; ability; talent	601	trad	0	601
枝	枝	zhi1	branch; twig; (mw for sticks, rods, pencils)	602	trad	0	602
叔	叔	shu1, shu2	uncle; father's younger brother	603	trad	0	603
督	督	du1	supervise; oversee; to direct	604	trad	0	604
寂	寂	ji4, ji2	lonesome; silent; quiet; desolate; (Taiwan pr.)	605	trad	0	605
反	反	fan3	contrary; anti; opposite; rebellious; reverse	606	trad	0	606
板	板	ban3	board; plank; plate	607	trad	0	607
返	返	fan3	return; go back	608	trad	0	608
派	派	pai4	school; group; to dispatch; send; assign; pi (Greek letter Ππ); (loanword) pie	609	trad	0	609
脉	脈	mai4	pulse; arteries and veins; vein (on a leaf, insect wing etc)	610	trad	0	610
爪	爪	zhua3, zhao3	claw (Kangxi radical 87)	611	trad	0	611
抓	抓	zhua1	grab; scratch; seize; arrest	612	trad	0	612
采	采	cai3	to pick; gather; to collect	613	trad	0	613
采	採	cai3	to pick; gather; to extract; to adopt	614	trad	0	614
菜	菜	cai4	dish (type of food); cuisine; vegetables; (coll) one's type	615	trad	0	615
受	受	shou4	receive; accept; endure; suffer	616	trad	0	616
授	授	shou4	teach; instruct; to award; confer	617	trad	0	617
爱	愛	ai4	love; affection; be fond of	618	trad	0	618
雄	雄	xiong2	male; powerful; imposing	619	trad	0	619
台	台	tai2	Taiwan (abbr.); (classical) you (in letters); platform; MW for machines/vehicles	620	trad	0	620
治	治	zhi4	rule; govern; cure	621	trad	0	621
始	始	shi3	begin; start	622	trad	0	622
去	去	qu4	go; go to (a place); send; cause to go; remove; get rid of; depart from	623	trad	0	623
法	法	fa3	law; method; way	624	trad	0	624
至	至	zhi4	until; to arrive; (Kangxi radical 133)	625	trad	0	625
室	室	shi4	room	626	trad	0	626
到	到	dao4	arrive (at a place); until (a time)	627	trad	0	627
互	互	hu4	mutual; reciprocally	628	trad	0	628
充	充	chong1	fill; fulfill; act in place of; substitute	629	trad	0	629
育	育	yu4	to produce; give birth to; to raise; educate	630	trad	0	630
流	流	liu2	to flow; to spread; to shed (tears)	631	trad	0	631
梳	梳	shu1	comb; to comb	632	trad	0	632
山	山	shan1	mountain; hill; peak (Kangxi radical 46)	633	trad	0	633
出	出	chu1	go out; occur	634	trad	0	634
击	擊	ji1	to hit; to strike; to break	635	trad	0	635
密	密	mi4	dense; close; intimate; secret	636	trad	0	636
入	入	ru4	enter (Kangxi radical 11)	637	trad	0	637
内	內	nei4	inside; inner; internal; within	638	trad	0	638
呐	吶	na4, ne5	shout; (particle expressing question, affirmation, or continuation)	639	trad	0	639
分	分	fen1, fen4	divide; part; minute; cent; component; share; ingredient; point	640	trad	0	640
贫	貧	pin2	poor; inadequate; deficient	641	trad	0	641
公	公	gong1	public; fair; honorable (designation); international; male (animal)	642	trad	0	642
松	松	song1	pine tree	643	trad	0	643
谷	谷	gu3	valley (Kangxi radical 150)	644	trad	0	644
浴	浴	yu4	bathe; wash; bath	645	trad	0	645
欲	欲	yu4	desire; longing; wish; appetite	646	trad	0	646
慾	慾	yu4	desire; want; wish (variant)	647	trad	0	647
容	容	rong2	to contain; allow; appearance; face	648	trad	0	648
溶	溶	rong2	dissolve; soluble	649	trad	0	649
当	當	dang1, dang4	should; act as; manage; match, appropriate; assume; pawn	650	trad	0	650
档	檔	dang4	grade (of goods); to file; record; shelves (for files); pigeonholes	651	trad	0	651
党	黨	dang3	party; club; association	652	trad	0	652
常	常	chang2	always; often; frequently	653	trad	0	653
堂	堂	tang2	(main) hall; large room; (mw for classes)	654	trad	0	654
皮	皮	pi2	skin; leather; fur (Kangxi radical 107)	655	trad	0	655
波	波	bo1	wave; surge; unexpected turn of events	656	trad	0	656
婆	婆	po2	grandmother; mother-in-law; matron	657	trad	0	657
破	破	po4	broken; damaged; to split; to break	658	trad	0	658
被	被	bei4	by (indicates passive voice sentences); quilt; blanket	659	trad	0	659
歹	歹	dai3	evil; vicious; bad (Kangxi radical 78)	660	trad	0	660
列	列	lie4	arrange; to line up; series; mw for trains or lines of people	661	trad	0	661
烈	烈	lie4	strong; violent; staunch; upright; sacrificing one's life for a noble cause	662	trad	0	662
死	死	si3	to die; dead; fixed; impassible; extremely	663	trad	0	663
葬	葬	zang4	bury (the dead)	664	trad	0	664
耳	耳	er3	ear (Kangxi radical 128)	665	trad	0	665
取	取	qu3	to take; get; choose	666	trad	0	666
趣	趣	qu4	interesting; interest	667	trad	0	667
最	最	zui4	the most; -est; (indicator for superlative)	668	trad	0	668
职	職	zhi2	duty; job; office; post	669	trad	0	669
圣	聖	sheng4	holy; sacred; saint; genius; sage; imperial	670	trad	0	670
敢	敢	gan3	to dare	671	trad	0	671
严	嚴	yan2	strict; severe; serious; (air- or water-) tight	672	trad	0	672
曼	曼	man4	graceful; prolonged	673	trad	0	673
慢	慢	man4	slow	674	trad	0	674
漫	漫	man4	unrestrained; overflowing; all over the place; casual	675	trad	0	675
环	環	huan2	ring; circle; hoop; link; to surround	676	trad	0	676
还	還	hai2, huan2	still; yet; in addition; even.; repay; to return	677	trad	0	677
夫	夫	fu1	husband; man	678	trad	0	678
规	規	gui1	rules; regulations; customs; law; compasses; dividers	679	trad	0	679
替	替	ti4	substitute for; take the place of; on behalf of	680	trad	0	680
失	失	shi1	"lose (in contrast to dé 得 ""obtain, get"");  miss, let slip, lose out;  fail to achieve one's objective;  mistake;  change (from the norm);  break (like a promise), neglect (like one's duty), fail to do"	681	trad	0	681
臣	臣	chen2	minister; official (Kangxi radical 131)	682	trad	0	682
临	臨	lin2	to face; to overlook; arrive; just about to	683	trad	0	683
贤	賢	xian2	virtuous; worthy person	684	trad	0	684
坚	堅	jian1	strong; solid; firm	685	trad	0	685
力	力	li4	power; force; strength (Kangxi radical 19)	686	trad	0	686
另	另	ling4	another; other; separate	687	trad	0	687
别	別	bie2, bie4	don't; depart; other; difference; distinguish	688	trad	0	688
拐	拐	guai3	turn to; kidnap; to limp; seven (spoken form)	689	trad	0	689
男	男	nan2	male	690	trad	0	690
功	功	gong1	merit; achievement; result; service	691	trad	0	691
奴	奴	nu2	slave; servant	692	trad	0	692
努	努	nu3	exert; strive; make an effort	693	trad	0	693
加	加	jia1	add; increase; plus	694	trad	0	694
贺	賀	he4	congratulate	695	trad	0	695
架	架	jia4	frame; rack; to support; quarrel; (mw for machines, planes, etc.)	696	trad	0	696
协	協	xie2	cooperate; to help; assist	697	trad	0	697
行	行	xing2, hang2	to walk; be current; do; will do; okay; a row; series; place; a firm; (Kangxi radical 144)	698	trad	0	698
律	律	lv4	law; statute; principle; regulation	699	trad	0	699
复	復	fu4	return; repeat; resume	700	trad	0	700
得	得	de2, dei3, de5	obtain; must; (complement particle)	701	trad	0	701
待	待	dai4, dai1	to wait; to treat; deal with; to stay	702	trad	0	702
往	往	wang3	go (in a direction); toward; in the past	703	trad	0	703
德	德	de2	virtue; Germany	704	trad	0	704
听	聽	ting1	listen; hear; heed	705	trad	0	705
厅	廳	ting1	(reception) hall; office; public room of a house	706	trad	0	706
微	微	wei1, wei2	micro; tiny; miniature	707	trad	0	707
街	街	jie1	street	708	trad	0	708
禾	禾	he2	grain (Kangxi radical 115)	709	trad	0	709
程	程	cheng2	rule; regulation; order; journey	710	trad	0	710
和	和	he2, huo4, huo2, he4	and; with; harmony; peace;; mix together;; soft; warm;; join in the singing	711	trad	0	711
移	移	yi2	to move; to shift; to change places; to change; to remove	712	trad	0	712
秋	秋	qiu1	autumn; fall; harvest time	713	trad	0	713
愁	愁	chou2	worry about	714	trad	0	714
利	利	li4	advantage; benefit; profit; sharp	715	trad	0	715
香	香	xiang1	fragrant; savory (Kangxi radical 186)	716	trad	0	716
季	季	ji4	season; period	717	trad	0	717
委	委	wei3	entrust; committee; discard; accumulate	718	trad	0	718
秀	秀	xiu4	elegant; beautiful; refined; ear of grain; show (loanword)	719	trad	0	719
透	透	tou4	penetrate; pass through; transparent; thorough	720	trad	0	720
诱	誘	you4	entice; tempt	721	trad	0	721
历	歷	li4	history; take place; past	722	trad	0	722
米	米	mi3	(husked) rice; meter (Kangxi radical 119)	723	trad	0	723
迷	迷	mi2	be lost; bewilder; crazy about; fanatic; fan; to charm	724	trad	0	724
谜	謎	mi2	riddle; mystery	725	trad	0	725
类	類	lei4	kind; type; class; category; resemble	726	trad	0	726
竹	竹	zhu2	bamboo (Kangxi radical 118)	727	trad	0	727
笑	笑	xiao4	to laugh; to smile	728	trad	0	728
箱	箱	xiang1	box; trunk; chest	729	trad	0	729
笔	筆	bi3	pen; pencil; writing instrument; brush stroke; (mw for sums of money)	730	trad	0	730
等	等	deng3	wait; await; when; till; class; rank; grade; kind; sort; equal; and so on; etc.	731	trad	0	731
算	算	suan4	calculate; compute; regard as; to figure; to count (as something)	732	trad	0	732
答	答	da2, da1	to answer; to reply; agree to; heed	733	trad	0	733
策	策	ce4	method; plan; policy; scheme	734	trad	0	734
人	人	ren2	person; man; people (Kangxi radical 9)	735	trad	0	735
囚	囚	qiu2	prisoner	736	trad	0	736
份	份	fen4	part; portion; (mw for gifts, documents, papers, jobs, etc.)	737	trad	0	737
占	佔	zhan4	occupy; seize; constitute	738	trad	0	738
傢	傢	jia1	see 家伙 jiāhuo ((coll.) guy)	739	trad	0	739
你	你	ni3	you	740	trad	0	740
您	您	nin2	you (polite)	741	trad	0	741
什	什	shen2, shi2	what; ten	742	trad	0	742
条	條	tiao2	strip; item; (mw for long thin objects)	743	trad	0	743
值	值	zhi2	value; worth; happen to be; on duty	744	trad	0	744
做	做	zuo4	do; make; to produce; be; to cook; write	745	trad	0	745
但	但	dan4	but; yet; however	746	trad	0	746
住	住	zhu4	to live; reside; to stop	747	trad	0	747
位	位	wei4	position; location; (polite mw for people)	748	trad	0	748
件	件	jian4	(mw for things, clothes, and items)	749	trad	0	749
仍	仍	reng2	still; yet; remain	750	trad	0	750
他	他	ta1	he; him; (gender-neutral term for both sexes)	751	trad	0	751
休	休	xiu1	to rest; to stop	752	trad	0	752
信	信	xin4	to believe; to trust; letter	753	trad	0	753
依	依	yi1	according to; depend on; obey	754	trad	0	754
例	例	li4	example; precedent; rule	755	trad	0	755
个	個	ge5, ge4	general measure word; individual	756	trad	0	756
健	健	jian4	healthy; robust; strength	757	trad	0	757
停	停	ting2	to stop; to halt; to park (a car)	758	trad	0	758
倒	倒	dao3, dao4	collapse; fall; fail; exchange; invert; move backwards; pour; contrary to expectations	759	trad	0	759
仁	仁	ren2	humane; benevolence; kindness; kernel	760	trad	0	760
优	優	you1	excellent; superior	761	trad	0	761
伤	傷	shang1	injure; wound; injury	762	trad	0	762
保	保	bao3	defend; protect	763	trad	0	763
堡	堡	bao3, pu4, bu3	fort; fortress; shop; store (a variant of 鋪/铺); town or village surrounded by earthen walls	764	trad	0	764
付	付	fu4	to pay; hand over	765	trad	0	765
府	府	fu3	seat of government; prefecture; official residence; mansion	766	trad	0	766
俯	俯	fu3	look down; to stoop	767	trad	0	767
代	代	dai4	era; generation; dynasty; substitute; replace	768	trad	0	768
袋	袋	dai4	sack; bag; pouch; pocket	769	trad	0	769
化	化	hua4, hua1	change; convert; melt	770	trad	0	770
花	花	hua1	flower; blossom; spend (money or time); cost	771	trad	0	771
货	貨	huo4	goods; commodities; products	772	trad	0	772
何	何	he2	why; what; how; where; which	773	trad	0	773
便	便	bian4, pian2	plain; convenient; urine or excrement; formal equivalent to 就; cheap	774	trad	0	774
丈	丈	zhang4	old man; husband; 3.33 meters	775	trad	0	775
使	使	shi3	to use; to make; to cause; enable; envoy; messenger	776	trad	0	776
久	久	jiu3	long; for a long time	777	trad	0	777
亩	畝	mu3	unit of area equal to 1/15 hectare; classifier for fields	778	trad	0	778
丙	丙	bing3	bright; fire (3rd Heavenly Stem)	779	trad	0	779
柄	柄	bing3	handle; hilt; stem; something affording an advantage to an opponent; m.w. for things with handles	780	trad	0	780
肉	肉	rou4	meat; flesh (Kangxi radical 130)	781	trad	0	781
腐	腐	fu3	decay; rotten; spoil	782	trad	0	782
众	眾	zhong4	multitude; crowd; masses; public	783	trad	0	783
坐	坐	zuo4	to sit; to travel by; to take	784	trad	0	784
座	座	zuo4	(mw for mountains, bridges, tall buildings, etc.);; seat; base; stand; constellation	785	trad	0	785
检	檢	jian3	to check; examine; inspect; exercise restraint	786	trad	0	786
脸	臉	lian3	face	787	trad	0	787
来	來	lai2	come; arrive; ever since; next	788	trad	0	788
麦	麥	mai4	wheat (Kangxi radical 199)	789	trad	0	789
喝	喝	he1, he4	to drink; shout loudly	790	trad	0	790
渴	渴	ke3	thirsty	791	trad	0	791
任	任	ren4	appoint; at will; office; no matter (what, how, etc.)	792	trad	0	792
廷	廷	ting2	the court (of a feudal ruler); the seat of a monarchical government; palace courtyard	793	trad	0	793
庭	庭	ting2	courtyard; spacious hall or yard	794	trad	0	794
以	以	yi3	to use; according to; so as to; for; by	795	trad	0	795
似	似	si4, shi4	seem; appear; resembling; as if; as; seemingly	796	trad	0	796
并	併	bing4	combine; merge; to annex	797	trad	0	797
拼	拼	pin1	piece together; go all out; to spell	798	trad	0	798
吕	呂	Lv3	surname; pitchpipe, pitch standard, one of the twelve semitones in the traditional tone system	799	trad	0	799
侣	侶	lv3	companion	800	trad	0	800
荣	榮	rong2	honor; glory; flourish	801	trad	0	801
劳	勞	lao2	labor; toil; do manual work	802	trad	0	802
营	營	ying2	battalion; barracks; camp; operate; strive for; nourish	803	trad	0	803
善	善	shan4	virtuous; benevolent	804	trad	0	804
年	年	nian2	year	805	trad	0	805
夜	夜	ye4	night; evening; darkness	806	trad	0	806
液	液	ye4	liquid; fluid	807	trad	0	807
唤	喚	huan4	to call; summon	808	trad	0	808
换	換	huan4	change; to exchange; to barter; to trade	809	trad	0	809
旅	旅	lv3	trip; travel; brigade 	810	trad	0	810
施	施	shi1	distribute (alms); carry out; execute	811	trad	0	811
游	游	you2	swim; travel	812	trad	0	812
游	遊	you2	to travel; to tour; roam	813	trad	0	813
勿	勿	wu4	not; do not	814	trad	0	814
忽	忽	hu1	suddenly; to neglect	815	trad	0	815
物	物	wu4	thing; object; matter	816	trad	0	816
易	易	yi4	to exchange; easy; amiable	817	trad	0	817
赐	賜	ci4	bestow; confer; favour; grant; gift	818	trad	0	818
尸	屍	shi1	corpse	819	trad	0	819
尼	尼	ni2	(phonetic); Buddhist nun	820	trad	0	820
呢	呢	ne5, ni2	(modal particle ending a question); how about...?; what about...?	821	trad	0	821
泥	泥	ni2, ni4	mud; paste; pulp; to cover; daub with plaster	822	trad	0	822
屋	屋	wu1	house; room	823	trad	0	823
握	握	wo4	grasp; shake hands; to hold	824	trad	0	824
居	居	ju1	reside; live	825	trad	0	825
锯	鋸	ju4	a saw; to saw	826	trad	0	826
层	層	ceng2	mw for layers; floors of buildings; layer, floor, story	827	trad	0	827
局	局	ju2	office; situation; gathering; part; inning (mw for games, rounds, matches, etc.)	828	trad	0	828
户	戶	hu4	household; door; family; bank account; (Kangxi radical 63)	829	trad	0	829
房	房	fang2	house; building; room	830	trad	0	830
雇	雇	gu4	to hire; to employ	831	trad	0	831
顾	顧	gu4	look after; take into consideration; attend to	832	trad	0	832
示	示	shi4	to show; spirit; ancestor (Kangxi radical 113)	833	trad	0	833
社	社	she4	society; group	834	trad	0	834
视	視	shi4	look at; regard; inspect	835	trad	0	835
福	福	fu2	good fortune; happiness; luck	836	trad	0	836
禁	禁	jin4, jin1	prohibit; forbid; endure	837	trad	0	837
襟	襟	jin1	shirt front; husband of wife's elder sister; brother-in-law	838	trad	0	838
宗	宗	zong1	school; sect; ancestor; clan. Classifier for batches, items or cases (legal, medical).	839	trad	0	839
崇	崇	chong2	lofty; dignified; to honor	840	trad	0	840
祭	祭	ji4, zhai4	sacrifice to; worship; wield; Surname Zhai	841	trad	0	841
察	察	cha2	inspect; scrutinize	842	trad	0	842
擦	擦	ca1	to wipe; to rub; to polish	843	trad	0	843
由	由	you2	through; via; by; from; let (someone do something)	844	trad	0	844
抽	抽	chou1	draw out; to smoke (cigarettes); inhale; whip or thrash	845	trad	0	845
油	油	you2	oil; oily; sly	846	trad	0	846
甲	甲	jia3	one; armor (1st Heavenly Stem); (finger/toe)nail; shell	847	trad	0	847
押	押	ya1	give as security; detain; to pawn; to escort; signature	848	trad	0	848
申	申	shen1	to state; to express; explain; surname Shen (9th Earthly Branch)	849	trad	0	849
伸	伸	shen1	to stretch; extend	850	trad	0	850
神	神	shen2	God; unusual; mysterious; spirit	851	trad	0	851
果	果	guo3	fruit; result	852	trad	0	852
课	課	ke4	class; subject; lesson; course	853	trad	0	853
颗	顆	ke1	(mw for hearts and small, round things like seeds, grains, beans, etc.)	854	trad	0	854
斤	斤	jin1	axe; catty (weight unit equal to 0.5 kilograms) (Kangxi radical 69)	855	trad	0	855
所	所	suo3	place; office; that which; (mw for houses, buildings, facilities)	856	trad	0	856
近	近	jin4	near; close (to)	857	trad	0	857
斩	斬	zhan3	behead; chop	858	trad	0	858
暂	暫	zan4, zhan4	temporarily; temporary	859	trad	0	859
渐	漸	jian4, jian1	gradual; little by little; soak; flow into	860	trad	0	860
质	質	zhi4	quality; nature; matter	861	trad	0	861
斥	斥	chi4	to blame; reprove; accuse	862	trad	0	862
诉	訴	su4	to complain; to accuse; to sue; to tell; to inform	863	trad	0	863
乍	乍	zha4	at first; suddenly; abruptly; to spread; (of hair) to stand on end; bristling	864	trad	0	864
怎	怎	zen3	how; what; why	865	trad	0	865
昨	昨	zuo2	yesterday; the past	866	trad	0	866
作	作	zuo4	do; make; regard as; act as; write	867	trad	0	867
雪	雪	xue3	snow	868	trad	0	868
急	急	ji2	hurried; worried; nervous; urgent	869	trad	0	869
寻	尋	xun2	to search; seek	870	trad	0	870
妇	婦	fu4	woman; wife	871	trad	0	871
扫	掃	sao3, sao4	to sweep; broom	872	trad	0	872
录	錄	lu4	to record; copy	873	trad	0	873
碌	碌	lu4, liu4	(of a person) ordinary; mediocre; busy; laborious; small stone; to record; to employ	874	trad	0	874
争	爭	zheng1	struggle; fight/compete for; argue over	875	trad	0	875
净	淨	jing4	clean; cleanse; all gone; all; only	876	trad	0	876
事	事	shi4	matter; affair; thing; event; trouble; accident; job; work; responsibility; involvement	877	trad	0	877
唐	唐	Tang2	Tang Dynasty; surname Tang	878	trad	0	878
糖	糖	tang2	sugar; candy; sweets	879	trad	0	879
康	康	kang1	peaceful; healthy; happy	880	trad	0	880
尹	尹	yin3	surname Yin; to rule; to oversee; magistrate (old)	881	trad	0	881
伊	伊	yi1	he; she; this; that; (third person pronoun)	882	trad	0	882
君	君	jun1	monarch; lord; gentleman	883	trad	0	883
裙	裙	qun2	skirt; apron	884	trad	0	884
群	群	qun2	crowd; group; (mw for groups, flocks, or swarms)	885	trad	0	885
而	而	er2	and; but; yet; while (Kangxi radical 126)	886	trad	0	886
需	需	xu1	want; require; needs; must	887	trad	0	887
儒	儒	ru2	scholar; Confucian	888	trad	0	888
瑞	瑞	rui4	lucky; auspicious; good omen	889	trad	0	889
端	端	duan1	end; beginning; extremity; carry; hold something level	890	trad	0	890
曲	曲	qu3, qu1	song; melody; bent; to bend; wrong	891	trad	0	891
斗	斗	dou3	dipper; peck (mw for grain) (Kangxi radical 68)	892	trad	0	892
料	料	liao4	material; stuff; grain; to expect	893	trad	0	893
科	科	ke1	branch of study; department; family (biology)	894	trad	0	894
用	用	yong4	to use (Kangxi radical 101)	895	trad	0	895
昔	昔	xi1	the past; former times; surname	896	trad	0	896
借	借	jie4	lend; borrow; excuse	897	trad	0	897
错	錯	cuo4	mistake; error; miss an opportunity	898	trad	0	898
散	散	san3, san4	to scatter; fall apart; loose; distribute; dispel	899	trad	0	899
撒	撒	sa1, sa3	let go; let loose; discharge; scatter; sprinkle; spill	900	trad	0	900
备	備	bei4	prepare; have ready; equipment; fully	901	trad	0	901
廿	廿	nian4	twenty (in a limited number of set expressions)	902	trad	0	902
席	席	xi2	banquet; woven mat; seat; (mw for banquets, conversations, words)	903	trad	0	903
度	度	du4, duo2	capacity; degree; degree (mw for temperature, angles); measure; scale; to spend (time); to estimate; surmise	904	trad	0	904
渡	渡	du4	to cross; pass through; to ferry	905	trad	0	905
半	半	ban4	half; semi-; incomplete	906	trad	0	906
伴	伴	ban4	partner; associate; to accompany	907	trad	0	907
胖	胖	pang4, pan2	fat; plump; healthy; at ease	908	trad	0	908
判	判	pan4	to judge; discriminate; discern	909	trad	0	909
眷	眷	juan4	family member; care about	910	trad	0	910
拳	拳	quan2	fist	911	trad	0	911
胜	勝	sheng4	victorious; success; to win; to beat	912	trad	0	912
片	片	pian4, pian1	(mw for pieces of things); a slice; a flake (Kangxi radical 91); film; photo	913	trad	0	913
版	版	ban3	a register; block of printing; edition	914	trad	0	914
妆	妝	zhuang1	put on makeup; adornment; trousseau	915	trad	0	915
壮	壯	zhuang4	strong; grand	916	trad	0	916
庄	莊	zhuang1	village; farm; manor	917	trad	0	917
装	裝	zhuang1	to load; dress up; pretend; clothing; to install	918	trad	0	918
将	將	jiang1, jiang4	(will, shall, future tense); be ready; will; general; commander	919	trad	0	919
之	之	zhi1	(literary equivalent to 的); (pronoun); of	920	trad	0	920
乏	乏	fa2	lack; short of; tired	921	trad	0	921
眨	眨	zha3	wink; blink	922	trad	0	922
不	不	bu4	no; not	923	trad	0	923
否	否	fou3	deny; negate; not	924	trad	0	924
杯	杯	bei1	cup; (mw for drinks)	925	trad	0	925
矢	矢	shi3	arrow (Kangxi radical 111); to vow	926	trad	0	926
族	族	zu2	race; nationality; ethnicity; clan	927	trad	0	927
知	知	zhi1	know	928	trad	0	928
智	智	zhi4	wisdom; knowledge; intelligence	929	trad	0	929
矛	矛	mao2	spear (Kangxi radical 110); lance	930	trad	0	930
柔	柔	rou2	soft	931	trad	0	931
揉	揉	rou2	knead; massage; rub	932	trad	0	932
务	務	wu4	business; affair; engaged in; be sure to	933	trad	0	933
雾	霧	wu4	fog; mist	934	trad	0	934
予	予	yu3, yu2	give; grant; bestow; (archaic) I; me	935	trad	0	935
序	序	xu4	series; sequence; order; preface	936	trad	0	936
预	預	yu4	prior; preliminary; preparatory; in advance; take part in	937	trad	0	937
野	野	ye3	field; plain; open space; boundary; rude; wild	938	trad	0	938
班	班	ban1	team; class; squad; shift	939	trad	0	939
弓	弓	gong1	bow (weapon) (Kangxi radical 57)	940	trad	0	940
引	引	yin3	to draw (a bow); to lead; to leave; induce; to cause; cite	941	trad	0	941
强	強	qiang2, qiang3, jiang4	strong; powerful; strive; make an effort; force; stubborn	942	trad	0	942
弱	弱	ruo4	weak; feeble; young	943	trad	0	943
弹	彈	dan4, tan2	pellet; bullet; bomb; to pluck; to flick; to play (a stringed instrument); accuse	944	trad	0	944
佛	佛	fo2, fu2	Buddha; Buddhism	945	trad	0	945
费	費	fei4	to cost; spend; fee; fare; be wasteful	946	trad	0	946
弟	弟	di4	younger brother	947	trad	0	947
第	第	di4	(prefix used to form ordinal numbers)	948	trad	0	948
巧	巧	qiao3	opportunely; coincidentally; skillful	949	trad	0	949
身	身	shen1	body; torso; person (Kangxi radical 158)	950	trad	0	950
射	射	she4	to shoot; to spout; to emit	951	trad	0	951
谢	謝	xie4	thank; wither (plants); surname Xie	952	trad	0	952
老	老	lao3	old; aged; tough; often; always (Kangxi radical 125)	953	trad	0	953
考	考	kao3	to test; take an exam; to check; verify; examine	954	trad	0	954
烤	烤	kao3	to roast; to bake; to barbecue	955	trad	0	955
孝	孝	xiao4	filial piety; obedience	956	trad	0	956
教	教	jiao1, jiao4	to teach; instruct; religion; teaching	957	trad	0	957
者	者	zhe3	one who (does something); -er; -ist; (person)	958	trad	0	958
著	著	zhu4, zhe5, zhao2	write; book; make known; prove; -ing (indicating action in progress, when used as a traditional character); to touch; come into contact with	959	trad	0	959
猪	豬	zhu1	pig; swine	960	trad	0	960
追	追	zhui1	pursue; chase after; seek; woo	961	trad	0	961
帅	帥	shuai4	handsome; graceful; commander-in-chief	962	trad	0	962
师	師	shi1	teacher; master; a (military) division	963	trad	0	963
狮	獅	shi1	lion	964	trad	0	964
官	官	guan1	an official; governmental; organ (of the body); officer	965	trad	0	965
管	管	guan3	take care (of); to control; manage; pipe; tube	966	trad	0	966
父	父	fu4	father (Kangxi radical 88)	967	trad	0	967
交	交	jiao1	submit; deliver; turn over; intersect; to pay (money); friendship	968	trad	0	968
效	效	xiao4	effect; imitate	969	trad	0	969
较	較	jiao4	rather; quite; compare; to dispute; clearly; obviously	970	trad	0	970
校	校	xiao4, jiao4	school; proofread; compare	971	trad	0	971
足	足	zu2	foot; enough; ample; to be sufficient  (Kangxi radical 157)	972	trad	0	972
跑	跑	pao3	to run; to escape; to race	973	trad	0	973
跳	跳	tiao4	jump; hop; skip	974	trad	0	974
路	路	lu4	road; path; journey; route	975	trad	0	975
露	露	lu4, lou4	dew; juice; to show; reveal; expose	976	trad	0	976
骨	骨	gu3	bone (Kangxi radical 188)	977	trad	0	977
滑	滑	hua2	slippery; cunning; crafty	978	trad	0	978
过	過	guo4	to pass; to cross; go over; celebrate; (indicates a past experience)	979	trad	0	979
阿	阿	a1, e1	prefix used before monosyllabic names, kinship terms etc to indicate familiarity; used in transliteration; abbr. for Afghanistan; to flatter (pronounced e1)	980	trad	0	980
啊	啊	a1, a2, a3, a4, a5	ah; (particle showing elation, doubt, puzzled surprise, or approval)	981	trad	0	981
际	際	ji4	border; boundary; between	982	trad	0	982
险	險	xian3	danger; dangerous	983	trad	0	983
随	隨	sui2	follow; go along with; allow	984	trad	0	984
阳	陽	yang2	positive (electricity); male; sun	985	trad	0	985
陈	陳	chen2	Chen (common surname); arrange; lay out; stale; explain	986	trad	0	986
防	防	fang2	prevent; protect; guard against; avoid	987	trad	0	987
附	附	fu4	attach; close to	988	trad	0	988
院	院	yuan4	courtyard; institution	989	trad	0	989
阵	陣	zhen4	short period; disposition of troops; wave	990	trad	0	990
队	隊	dui4	team; squadron; group	991	trad	0	991
降	降	jiang4, xiang2	to drop; to fall; to surrender	992	trad	0	992
阶	階	jie1	stairs, (flight of) steps, step;  degree, class, rank (like official, military);  rely on, depend on;  {geosciences} stage	993	trad	0	993
穴	穴	xue2, xue4	hole; cave (Kangxi radical 116)	994	trad	0	994
究	究	jiu1, jiu4	after all; to investigate; to study carefully	995	trad	0	995
突	突	tu1	dash forward; protrude; suddenly; break out	996	trad	0	996
空	空	kong1, kong4	empty; sky; leave blank; leisure	997	trad	0	997
控	控	kong4	accuse; to charge; to control	998	trad	0	998
边	邊	bian1	side; edge; margin; (suffix in place words)	999	trad	0	999
深	深	shen1	deep; profound; dark (of colors)	1000	trad	0	1000
探	探	tan4	explore	1001	trad	0	1001
丘	丘	qiu1	mound; hill; grave; surname Qiu (see also same character with added 阝)	1002	trad	0	1002
兵	兵	bing1	soldiers; military force	1003	trad	0	1003
丝	絲	si1	silk; thread; trace	1004	trad	0	1004
线	線	xian4	thread; string; wire; line; route	1005	trad	0	1005
维	維	wei2	maintain; preserve; dimension	1006	trad	0	1006
罗	羅	luo2, luo1	gauze; net for catching birds; collect; sieve; long-winded; wordy; troublesome	1007	trad	0	1007
续	續	xu4	continue; replenish; renew 	1008	trad	0	1008
统	統	tong3	to gather; to unite; to unify; whole	1009	trad	0	1009
给	給	gei3, ji3	to give; to grant; (passive particle); provide	1010	trad	0	1010
结	結	jie2, jie1	to tie; knot; to bear (fruit); conclude	1011	trad	0	1011
终	終	zhong1	end; finish	1012	trad	0	1012
级	級	ji2	grade (in school); level; rank	1013	trad	0	1013
纪	紀	ji4, ji3	age; period; record; annals; chronicles; surname	1014	trad	0	1014
红	紅	hong2	red; symbol of success; bonus; popular	1015	trad	0	1015
约	約	yue1, yao1	make an appointment; agreement; arrange; economize; approximately; to weigh	1016	trad	0	1016
细	細	xi4	fine; delicate; thin; slender	1017	trad	0	1017
紧	緊	jin3	tight; urgent; nervous	1018	trad	0	1018
织	織	zhi1	weave; knit	1019	trad	0	1019
网	網	wang3	net; network	1020	trad	0	1020
绿	綠	lv4	green	1021	trad	0	1021
弯	彎	wan1	curved; bend	1022	trad	0	1022
湾	灣	wan1	bay; gulf	1023	trad	0	1023
恋	戀	lian4	feel attached to; long for; love	1024	trad	0	1024
变	變	bian4	to change; become different	1025	trad	0	1025
经	經	jing1	classics; scripture; pass through; experience; warp; longitude; menstruation	1026	trad	0	1026
轻	輕	qing1	light; easy; gentle; soft	1027	trad	0	1027
后	後	hou4	back; behind; rear; after; later	1028	trad	0	1028
几	幾	ji3, ji1	how many; several; a few; almost	1029	trad	0	1029
机	機	ji1	machine; aircraft; pivot; opportunity	1030	trad	0	1030
断	斷	duan4	to break; to stop; cut off; decide; certain	1031	trad	0	1031
继	繼	ji4	then; after; follow; continue	1032	trad	0	1032
显	顯	xian3	appear; be obvious; prominent; conspicuous; to show; to display	1033	trad	0	1033
乐	樂	le4, yue4	happy; laugh; music	1034	trad	0	1034
药	藥	yao4	medicine; drug; cure; chemical	1035	trad	0	1035
鸡	雞	ji1	chicken	1036	trad	0	1036
么	麼	me5	interrogative/indefinite final particle	1037	trad	0	1037
系	系	xi4, ji4	system; connect; arrest; department;; tie; fasten; button up	1038	trad	0	1038
系	係	xi4	be; relate to; connection	1039	trad	0	1039
孙	孫	sun1	grandson; grandchild; descendant	1040	trad	0	1040
却	卻	que4	but; yet; however; step back	1041	trad	0	1041
脚	腳	jiao3	foot / base (of animal or object)	1042	trad	0	1042
服	服	fu2, fu4	clothing; serve; obey; convince; take (medicine); accustomed to; (mw for medicinal dose)	1043	trad	0	1043
命	命	ming4	life; fate; to command	1044	trad	0	1044
留	留	liu2	leave (behind, a message); retain; stay	1045	trad	0	1045
溜	溜	liu1, liu4	slip away; to skate; to glide ; swift current of water; swift; to glaze (cooking)	1046	trad	0	1046
聊	聊	liao2	to chat; merely; a little	1047	trad	0	1047
柳	柳	liu3	willow tree	1048	trad	0	1048
令	令	ling4, ling3	make or cause to be; to order; command; (mw: ream of paper)	1049	trad	0	1049
冷	冷	leng3	cold	1050	trad	0	1050
零	零	ling2	zero	1051	trad	0	1051
领	領	ling3	neck; collar; to lead; to receive	1052	trad	0	1052
通	通	tong1, tong4	go through; know well; connect; (mw for complete activities, such as phone calls, stint of music playing, etc.)	1053	trad	0	1053
勇	勇	yong3	brave; courageous	1054	trad	0	1054
犯	犯	fan4	violate; offend	1055	trad	0	1055
危	危	wei1	danger; endanger; precarious	1056	trad	0	1056
脆	脆	cui4	brittle; fragile; crisp; crunchy	1057	trad	0	1057
印	印	yin4	to print; to stamp; engrave; to mark	1058	trad	0	1058
兴	興	xing4, xing1	interest; excitement; prosper; begin; encourage; to rise	1059	trad	0	1059
酒	酒	jiu3	wine; liquors; spirits	1060	trad	0	1060
配	配	pei4	marry; to mate; to blend; deserve; replace; match	1061	trad	0	1061
酋	酋	qiu2	tribal chief	1062	trad	0	1062
尊	尊	zun1	senior; to honor; respect; venerate: (honorific) your; (measure word for cannons and statues)	1063	trad	0	1063
遵	遵	zun1	obey; comply with; follow	1064	trad	0	1064
豆	豆	dou4	bean (Kangxi radical 151)	1065	trad	0	1065
头	頭	tou2	head; the first; leading; (mw for larger livestock)	1066	trad	0	1066
短	短	duan3	short (in length, duration)	1067	trad	0	1067
礼	禮	li3	ceremony; courtesy; gift; rite	1068	trad	0	1068
体	體	ti3	body; form; style	1069	trad	0	1069
鼓	鼓	gu3	drum; bulging; swelling	1070	trad	0	1070
喜	喜	xi3	fond of; like; enjoy; happiness	1071	trad	0	1071
厨	廚	chu2	kitchen	1072	trad	0	1072
树	樹	shu4	tree	1073	trad	0	1073
血	血	xue4, xie3	blood (Kangxi radical 143)	1074	trad	0	1074
尽	盡	jin4, jin3	to the utmost; use up; to exhaust; exhausted; do one's best; all	1075	trad	0	1075
尽	儘	jin3, jin4	to the utmost; within (limits); to the greatest extent	1076	trad	0	1076
盖	蓋	gai4	lid; top; cover; to build	1077	trad	0	1077
温	溫	wen1	warm; temperature; to review; mild; warm up	1078	trad	0	1078
监	監	jian1, jian4	supervise; inspect; supervisor; eunuch; imperial office	1079	trad	0	1079
篮	籃	lan2	basket; (sports) basketball goal; basket	1080	trad	0	1080
蓝	藍	lan2	blue	1081	trad	0	1081
银	銀	yin2	Silver (chemistry); silver colored; related to money or currency	1082	trad	0	1082
跟	跟	gen1	to follow; with; to; from; and; heel	1083	trad	0	1083
很	很	hen3	very; rather; quite	1084	trad	0	1084
根	根	gen1	root; base; (mw for long, slender objects)	1085	trad	0	1085
即	即	ji2	to mean; namely; to reach; at present; even if	1086	trad	0	1086
节	節	jie2	festival; a knot; a section; (mw for segments or class periods); moral integrity; to save	1087	trad	0	1087
退	退	tui4	to retreat; decline; withdraw; return (goods)	1088	trad	0	1088
腿	腿	tui3	leg	1089	trad	0	1089
限	限	xian4	limit; bound	1090	trad	0	1090
眼	眼	yan3	eye	1091	trad	0	1091
良	良	liang2	good; nice; skilled; surname Liang	1092	trad	0	1092
浪	浪	lang4	wave; breaker; unrestrained	1093	trad	0	1093
娘	娘	niang2	mother; mom; woman; young lady; (coll.) effeminate	1094	trad	0	1094
食	食	shi2	eat; food (Kangxi radical 184)	1095	trad	0	1095
饭	飯	fan4	food; meal; cooked rice	1096	trad	0	1096
餐	餐	can1	to eat; food; meal; (measure word for meals)	1097	trad	0	1097
馆	館	guan3	house; building; establishment	1098	trad	0	1098
养	養	yang3	grow (plants), to raise (animals; children); provide for; to support	1099	trad	0	1099
既	既	ji4	already; since; both	1100	trad	0	1100
概	概	gai4	generally; outline; without exception	1101	trad	0	1101
平	平	ping2	flat; level; equal; ordinary	1102	trad	0	1102
评	評	ping2	discuss; to comment; criticize	1103	trad	0	1103
坪	坪	ping2	a plain; level ground; unit of area (3.31 m²)	1104	trad	0	1104
乎	乎	hu1	(classical Chinese particle expressing question, surprise or doubt)	1105	trad	0	1105
呼	呼	hu1	exhale; call; cry; shout	1106	trad	0	1106
希	希	xi1	to hope	1107	trad	0	1107
稀	稀	xi1	sparse; diluted; rare	1108	trad	0	1108
学	學	xue2	to study; learn; science; -ology	1109	trad	0	1109
觉	覺	jue2, jiao4	to feel; sense; ; wake up; sleep	1110	trad	0	1110
搅	攪	jiao3	disturb; annoy; to mix; stir	1111	trad	0	1111
凶	凶	xiong1	fierce; terrible; ominous	1112	trad	0	1112
凶	兇	xiong1	violent; cruel; fierce; terrible	1113	trad	0	1113
胸	胸	xiong1	chest; bosom; heart	1114	trad	0	1114
离	離	li2	leave; depart; go away; part from; be away from	1115	trad	0	1115
禽	禽	qin2	birds; fowl	1116	trad	0	1116
辛	辛	xin1	bitter; hot; suffering (8th heavenly stem) (Kangxi radical 160)	1117	trad	0	1117
办	辦	ban4	to do; to manage; to handle; to set up	1118	trad	0	1118
辩	辯	bian4	dispute; argue; discuss	1119	trad	0	1119
壁	壁	bi4	wall; rampart	1120	trad	0	1120
避	避	bi4	to avoid; to evade; to shun; to flee; to escape;; to prevent; to keep away from; to hide from; to repel; to leave	1121	trad	0	1121
新	新	xin1	new	1122	trad	0	1122
薪	薪	xin1	fuel; firewood; salary	1123	trad	0	1123
亲	親	qin1	dear; intimate; closely related; kiss	1124	trad	0	1124
衬	襯	chen4	to line; inner garments	1125	trad	0	1125
幸	幸	xing4	“Good fortune” lucky; rejoice; fortunately	1126	trad	0	1126
执	執	zhi2	to grasp; hold in hand; execute (a plan)	1127	trad	0	1127
报	報	bao4	to report; newspaper; to respond; repay	1128	trad	0	1128
叫	叫	jiao4	to call; to cry; to shout; to name; be called; to greet; to hire; to order	1129	trad	0	1129
收	收	shou1	receive; accept; collect; to harvest	1130	trad	0	1130
陆	陸	lu4, liu4	land; continent; mainland; six (banker's anti-fraud numeral)	1131	trad	0	1131
势	勢	shi4	power; influence; tendency	1132	trad	0	1132
热	熱	re4	heat; hot; heat up	1133	trad	0	1133
艺	藝	yi4	art; skill	1134	trad	0	1134
亥	亥	hai4	12th Earthly Branch	1135	trad	0	1135
核	核	he2	pit; stone; (atomic) nucleus; examine; verify	1136	trad	0	1136
孩	孩	hai2	child; infant	1137	trad	0	1137
刻	刻	ke4	quarter (hour); (mw for short time intervals); carve; to cut	1138	trad	0	1138
该	該	gai1	should; deserve; it is time for (something); this (formal)	1139	trad	0	1139
述	述	shu4	to state; to express; narrate; relate	1140	trad	0	1140
术	術	shu4	method; technique; skill	1141	trad	0	1141
杀	殺	sha1	to kill; to murder	1142	trad	0	1142
襄	襄	xiang1	assist; help	1143	trad	0	1143
让	讓	rang4	to ask, let, yield	1144	trad	0	1144
壤	壤	rang3	soil; earth	1145	trad	0	1145
寒	寒	han2	cold; poor; to tremble	1146	trad	0	1146
赛	賽	sai4	compete; contest; match	1147	trad	0	1147
毒	毒	du2	poison; narcotics; toxic; to poison	1148	trad	0	1148
素	素	su4	plain; element; vegetable	1149	trad	0	1149
青	青	qing1	blue or green; young (Kangxi radical 174); immature; Qinghai province (abbr.)	1150	trad	0	1150
精	精	jing1	energy; excellent; refined; spirit; semen	1151	trad	0	1151
请	請	qing3	please; invite; to request; treat	1152	trad	0	1152
情	情	qing2	feeling; emotion; passion; condition	1153	trad	0	1153
睛	睛	jing1	eyeball	1154	trad	0	1154
清	清	qing1	clear; pure; Qing Dynasty (1644-1911)	1155	trad	0	1155
静	靜	jing4	still; calm; quiet	1156	trad	0	1156
责	責	ze2	responsibility; demand; to blame; interrogate; punish	1157	trad	0	1157
绩	績	ji4	merit; achievements	1158	trad	0	1158
积	積	ji1	amass; accumulate; store	1159	trad	0	1159
表	表	biao3	surface; a table (listing information); to show	1160	trad	0	1160
表	錶	biao3	a wrist or pocket watch	1161	trad	0	1161
生	生	sheng1	to be born; to give birth; to start (a fire); to grow; to be afflicted with; raw; uncooked; life; student (Kangxi radical 100)	1162	trad	0	1162
星	星	xing1	star; heavenly body; satellite; small amount	1163	trad	0	1163
姓	姓	xing4	surname; family name	1164	trad	0	1164
性	性	xing4	nature; character; quality; gender	1165	trad	0	1165
害	害	hai4	do harm to; cause trouble to; to adversely impact somebody	1166	trad	0	1166
割	割	ge1	to cut (apart or off)	1167	trad	0	1167
慧	慧	hui4	intelligent; bright	1168	trad	0	1168
丰	豐	feng1	plentiful; abundant	1169	trad	0	1169
春	春	chun1	spring (season); joyful	1170	trad	0	1170
泰	泰	tai4	peace; quiet; Thailand (abbr.)	1171	trad	0	1171
奉	奉	feng4	give; to present; serve; respect; believe in; accept (orders from superior)	1172	trad	0	1172
棒	棒	bang4	stick; club; good; excellent	1173	trad	0	1173
勤	勤	qin2	diligent; industrious; hardworking; frequent	1174	trad	0	1174
谨	謹	jin3	cautious; prudent; attentive; solemnly; sincerely	1175	trad	0	1175
仅	僅	jin3	only; barely; merely	1176	trad	0	1176
汉	漢	han4	Han (ethnic group); Han (dynasty)	1177	trad	0	1177
难	難	nan2, nan4	difficult; bad; trouble; to blame	1178	trad	0	1178
摊	攤	tan1	to spread out; vendor's stand; booth; fry; (mw for puddles)	1179	trad	0	1179
华	華	hua2, Hua4	China; glory; flowery; abbr.for Huashan Mountain in Shaanxi	1180	trad	0	1180
哗	嘩	hua1, hua2	sound of crashing, clanging, gurgling etc; noise; clamor	1181	trad	0	1181
垂	垂	chui2	to hang (down); droop; dangle	1182	trad	0	1182
锤	錘	chui2	hammer; weight	1183	trad	0	1183
睡	睡	shui4	to sleep	1184	trad	0	1184
今	今	jin1	now; at present; today; modern	1185	trad	0	1185
含	含	han2	contain; keep in the mouth; to suck on, connotation	1186	trad	0	1186
念	念	nian4	read aloud; to study; to miss or think of somebody	1187	trad	0	1187
阴	陰	yin1	yin (principle); the moon; negative; secret; shade; cloudy	1188	trad	0	1188
荫	蔭	yin4, yin1	shady; sunless; to shelter; protect	1189	trad	0	1189
西	西	xi1	West (Kangxi radical 146)	1190	trad	0	1190
要	要	yao4, yao1	to want; to need; will/shall; important; demand; request	1191	trad	0	1191
腰	腰	yao1	waist; lower back; pocket	1192	trad	0	1192
票	票	piao4	ticket; bank note; a vote	1193	trad	0	1193
漂	漂	piao4, piao1, piao3	elegant; to float; to bleach	1194	trad	0	1194
标	標	biao1	mark; sign; outward appearance; (original meaning) topmost branches of a tree	1195	trad	0	1195
贾	賈	gu3, Jia3	merchant; buy; sell; surname Jia	1196	trad	0	1196
价	價	jia4	price; value	1197	trad	0	1197
烟	煙	yan1	cigarette; tobacco; smoke	1198	trad	0	1198
南	南	nan2	South	1199	trad	0	1199
门	門	men2	door; opening; gate; (mw for classes and languages) (Kangxi radical 169)	1200	trad	0	1200
们	們	men2, men5	(particle forming a plural pronoun)	1201	trad	0	1201
閒	閒	xian2	(traditional variant of 闲) spare time; free; idle; not busy; be unoccupied	1202	trad	0	1202
问	問	wen4	ask; inquire	1203	trad	0	1203
间	間	jian1, jian4	(mw for rooms); space; time; among; a gap; to separate	1204	trad	0	1204
简	簡	jian3	simple	1205	trad	0	1205
开	開	kai1	to open; to start; to turn on; to operate (a vehicle)	1206	trad	0	1206
闻	聞	wen2	hear; to smell; news; reputation	1207	trad	0	1207
仓	倉	cang1	barn; granary; storehouse; warehouse; cabin; hold (in a ship)	1208	trad	0	1208
枪	槍	qiang1	gun; spear	1209	trad	0	1209
创	創	chuang4, chuang1	create; begin; to initiate; a wound; injury	1210	trad	0	1210
非	非	fei1	non-; un-; not be; wrongdoing; simply must (Kangxi radical 175)	1211	trad	0	1211
排	排	pai2	arrange; line up; a row; a platoon; to discharge	1212	trad	0	1212
罪	罪	zui4	guilt; crime; sin; hardship; fault; blame	1213	trad	0	1213
靠	靠	kao4	depend on; lean on; near; to trust	1214	trad	0	1214
侯	侯	hou2	marquis; lord; nobleman	1215	trad	0	1215
候	候	hou4	await; inquire after	1216	trad	0	1216
决	決	jue2	decide; to breach (a dyke)	1217	trad	0	1217
快	快	kuai4	fast; quick; soon	1218	trad	0	1218
筷	筷	kuai4	chopstick	1219	trad	0	1219
韦	韋	wei2	tanned leather (Kangxi radical 178); a common surname	1220	trad	0	1220
围	圍	wei2	encircle; surround; enclose	1221	trad	0	1221
伟	偉	wei3	big; large; great	1222	trad	0	1222
卫	衛	wei4	to guard; protect; defend	1223	trad	0	1223
干	干	gan1	to concern; shield (Kangxi radical 51)	1224	trad	0	1224
岸	岸	an4	bank; shore; beach; coast	1225	trad	0	1225
干	幹	gan4	to work; do; manage; tree trunk; capable; talented	1226	trad	0	1226
旱	旱	han4	drought	1227	trad	0	1227
赶	趕	gan3	catch up; hurry; drive away	1228	trad	0	1228
于	於	yu2	in; at; to	1229	trad	0	1229
宇	宇	yu3	universe; eaves; house	1230	trad	0	1230
余	餘	yu2	to leave; remain; surplus	1231	trad	0	1231
余	余	yu2	excess; surplus; surname Yu	1232	trad	0	1232
除	除	chu2	besides; except; remove; to divide (mathematics)	1233	trad	0	1233
途	途	tu2	way; road	1234	trad	0	1234
束	束	shu4	to tie; to bind; restrain; (mw for bunches, bundles, bouquets, etc.)	1235	trad	0	1235
速	速	su4	fast; quick; prompt; rapid	1236	trad	0	1236
辣	辣	la4	hot (spicy)	1237	trad	0	1237
整	整	zheng3	whole; tidy; put in order; repair; exactly; make sb. suffer	1238	trad	0	1238
练	練	lian4	to practice; to train; to drill	1239	trad	0	1239
拣	揀	jian3	choose; select; sort out	1240	trad	0	1240
重	重	zhong4, chong2	heavy; intense; repeat; duplicate	1241	trad	0	1241
懂	懂	dong3	understand; know	1242	trad	0	1242
动	動	dong4	to move; to use; to act	1243	trad	0	1243
种	種	zhong3, zhong4	type; breed; race; seed; to plant	1244	trad	0	1244
冲	衝	chong1, chong4	to rush; to clash; thoroughfare; vigorously; bluntly; pungent; toward	1245	trad	0	1245
病	病	bing4	ailment; sickness; illness	1246	trad	0	1246
痛	痛	tong4	to ache; pain; sorrow; agonize	1247	trad	0	1247
疯	瘋	feng1	insane; crazy; mad	1248	trad	0	1248
匹	匹	pi3, pi1	(mw for horses, bolt of cloth); ordinary person; mate; one of a pair	1249	trad	0	1249
区	區	qu1, Ou1	region; area; district; Surname	1250	trad	0	1250
枢	樞	shu1	hinge; pivot; center	1251	trad	0	1251
欧	歐	ou1	Europe; ohm	1252	trad	0	1252
医	醫	yi1	medical; medicine; doctor; to cure	1253	trad	0	1253
仰	仰	yang3	look upward; look up to; rely on	1254	trad	0	1254
迎	迎	ying2	to welcome; greet; to face	1255	trad	0	1255
登	登	deng1	go up; publish; to record; to step on; to put on (shoes or trousers)	1256	trad	0	1256
灯	燈	deng1	lamp; light	1257	trad	0	1257
证	證	zheng4	certificate; proof; to demonstrate	1258	trad	0	1258
发	發	fa1	send out; to issue; to show (one's feelings); to develop	1259	trad	0	1259
废	廢	fei4	abolish; useless; abandon; waste	1260	trad	0	1260
形	形	xing2	form; shape; appearance	1261	trad	0	1261
影	影	ying3	shadow; reflection; image; picture; film	1262	trad	0	1262
彩	彩	cai3	color; applause; cheer; variety; splendor; prize; blood from a wound	1263	trad	0	1263
须	須	xu1	must	1264	trad	0	1264
珍	珍	zhen1	precious; valuable; treasure; rare	1265	trad	0	1265
参	參	can1, shen1, san1	join; take part in; refer to; ginseng	1266	trad	0	1266
惨	慘	can3	miserable; wretched; cruel	1267	trad	0	1267
修	修	xiu1	repair; construct; decorate; to take (a class)	1268	trad	0	1268
文	文	wen2	language; literature; culture; writing (Kangxi radical 67)	1269	trad	0	1269
蚊	蚊	wen2	mosquito	1270	trad	0	1270
彦	彥	yan4	accomplished; elegant; phonetic used in names	1271	trad	0	1271
颜	顏	yan2	face; color	1272	trad	0	1272
产	產	chan3	to give birth; to reproduce; to produce; product; resource; estate; property	1273	trad	0	1273
率	率	lv4, shuai4	rate; frequency; proportion; lead; guide; follow; observe; usually	1274	trad	0	1274
摔	摔	shuai1	(slip and) fall; smash; throw on the ground	1275	trad	0	1275
央	央	yang1	center; middle; beg; conclude; run out	1276	trad	0	1276
英	英	ying1	flower; hero; England	1277	trad	0	1277
巴	巴	ba1	(phonetic); hope for; cling to; be near; a bar	1278	trad	0	1278
把	把	ba3, ba4	(mw for things with handles); (pretransitive particle); to hold; a grip; a handle; stem (of plants)	1279	trad	0	1279
爸	爸	ba4	father; dad; pa	1280	trad	0	1280
吧	吧	ba5, ba1	particle indicating polite suggestion;; onomatopoeia; bar (serving drinks, providing internet access, etc.)	1281	trad	0	1281
色	色	se4, shai3	color (Kangxi radical 139)	1282	trad	0	1282
绝	絶	jue2	cut short; to exhaust; to die; hopeless; absolutely	1283	trad	0	1283
甘	甘	gan1	sweet; willing (Kangxi radical 99); Gansu province (abbr.)	1284	trad	0	1284
某	某	mou3	a certain; some	1285	trad	0	1285
其	其	qi2	his; her; its; their; he; she; it; that; such; (marking question, emphasis, imperative)	1286	trad	0	1286
期	期	qi1, qi2, ji1	period of time; phase; stage; entire, whole (year or month)	1287	trad	0	1287
基	基	ji1	base; foundation; basic	1288	trad	0	1288
斯	斯	si1	this; then; thus; (phonetic)	1289	trad	0	1289
甚	甚	shen4	very; considerably; extremely	1290	trad	0	1290
贵	貴	gui4	expensive; noble; honorable; Guizhou province (abbreviation)	1291	trad	0	1291
遗	遺	yi2, wei4	lose; leave behind; omit; give; bestow	1292	trad	0	1292
舞	舞	wu3	to dance; wield; brandish	1293	trad	0	1293
无	無	wu2	have not; without; not (Kangxi radical 71)	1294	trad	0	1294
抚	撫	fu3	to comfort; to console	1295	trad	0	1295
且	且	qie3	further; moreover; for the time being; about to ...	1296	trad	0	1296
姐	姐	jie3	older sister; sister;; a general term for young women;; elder female relative of the same generation in the clan	1297	trad	0	1297
组	組	zu3	mw for sets; set; group; to organize; to team up; compose	1298	trad	0	1298
祖	祖	zu3	ancestor; forefather; grandfather	1299	trad	0	1299
助	助	zhu4	to help; assist	1300	trad	0	1300
并	並	bing4	equal to; side by side; both; also	1301	trad	0	1301
普	普	pu3	general; universal; widespread	1302	trad	0	1302
业	業	ye4	industry; occupation; enterprise; property; (Buddhism) karma; deed; to engage in	1303	trad	0	1303
对	對	dui4	correct; a pair; to face; be opposite; to; towards	1304	trad	0	1304
共	共	gong4	altogether; to share; total; Communist Party (abbreviation)	1305	trad	0	1305
供	供	gong1, gong4	supply; provide; furnish; offering; confess	1306	trad	0	1306
异	異	yi4	different; unusual; strange; surprising	1307	trad	0	1307
巷	巷	xiang4, hang4	lane; alley; channel; tunnel	1308	trad	0	1308
港	港	gang3	harbor; Hong Kong (abbreviation)	1309	trad	0	1309
选	選	xuan3	choose; select	1310	trad	0	1310
井	井	jing3	a well	1311	trad	0	1311
亚	亞	ya4	Asia; Asian; second; next to; inferior; sub-	1312	trad	0	1312
恶	惡	e4, e3, wu4	evil; bad; nausea; to hate; loathe	1313	trad	0	1313
角	角	jiao3, jue2	horn; angle; unit of money (1/10 yuan); corner (Kangxi radical 148); role (theater)	1314	trad	0	1314
解	解	jie3, jie4, xie4	separate; divide; understand; solve; (old) transport under guard; (old) acrobatics	1315	trad	0	1315
嘴	嘴	zui3	mouth	1316	trad	0	1316
再	再	zai4	again; once more; then	1317	trad	0	1317
称	稱	cheng1, chen4	to call; to name; to state; to praise; appropriate; to suit; to weigh	1318	trad	0	1318
讲	講	jiang3	speak; lecture; explain; a speech	1319	trad	0	1319
构	構	gou4	to construct; to form; to frame	1320	trad	0	1320
扁	扁	bian3, pian1	flat; small	1321	trad	0	1321
篇	篇	pian1	sheet; (mw for articles); piece of writing	1322	trad	0	1322
编	編	bian1	weave; fabricate; compile; make up; [often in book titles] book	1323	trad	0	1323
论	論	lun4, lun2	to discuss; to mention; per; take into account; theory; the Analects (of Confucius)	1324	trad	0	1324
轮	輪	lun2	wheel; disk; to take turns; mw for matches and debates	1325	trad	0	1325
典	典	dian3	a standard; ceremony; allusion; to mortgage; canon	1326	trad	0	1326
氏	氏	shi4	clan; family name (kangxi radical 83)	1327	trad	0	1327
纸	紙	zhi3	paper	1328	trad	0	1328
昏	昏	hun1	faint; dark; dim; confused; muddled; dusk	1329	trad	0	1329
婚	婚	hun1	marriage; to marry	1330	trad	0	1330
低	低	di1	low; beneath; lower (one's head); droop	1331	trad	0	1331
底	底	di3	bottom; background; base	1332	trad	0	1332
民	民	min2	people; subjects; citizens	1333	trad	0	1333
眠	眠	mian2	sleep; hibernate; hibernation; dormancy	1334	trad	0	1334
甫	甫	fu3	just; only	1335	trad	0	1335
补	補	bu3	to repair; to patch; mend	1336	trad	0	1336
博	博	bo2	extensive; ample; rich; obtain; aim	1337	trad	0	1337
搏	搏	bo2	to fight; pounce on; to beat	1338	trad	0	1338
都	都	dou1, du1	all; both; capital; metropolis	1339	trad	0	1339
部	部	bu4	part; section; department; (mw for machines; movies; books)	1340	trad	0	1340
郎	郎	lang2	young man; a youth	1341	trad	0	1341
乡	鄉	xiang1	village; country; district	1342	trad	0	1342
响	響	xiang3	make a sound; noisy; noise; echo	1343	trad	0	1343
段	段	duan4	paragraph; segment; section; period of time; (mw for segments)	1344	trad	0	1344
锻	鍛	duan4	forge metal; to temper; refine; to discipline	1345	trad	0	1345
幻	幻	huan4	fantasy; illusion; mirage	1346	trad	0	1346
司	司	si1	oversee; control; manage; operate;  department; head of a (government) department; surname Si	1347	trad	0	1347
词	詞	ci2	word; term; statement; classical Chinese poetry using a set pattern	1348	trad	0	1348
舟	舟	zhou1	boat (Kangxi radical 137)	1349	trad	0	1349
船	船	chuan2	a boat; vessel; ship	1350	trad	0	1350
般	般	ban1	sort; kind; class; way	1351	trad	0	1351
盘	盤	pan2	MW for a plate of food	1352	trad	0	1352
搬	搬	ban1	move; take away; remove; transport	1353	trad	0	1353
瓜	瓜	gua1	melon (Kangxi radical 97)	1354	trad	0	1354
孤	孤	gu1	orphan; solitary; isolated; alone	1355	trad	0	1355
益	益	yi4	profit; benefit; advantage	1356	trad	0	1356
假	假	jia3, jia4	fake; if; borrow; vacation; holiday	1357	trad	0	1357
虾	蝦	xia1	shrimp; prawn	1358	trad	0	1358
气	氣	qi4	air; anger; steam; gas; spirit	1359	trad	0	1359
汽	汽	qi4	steam; vapor	1360	trad	0	1360
飞	飛	fei1	to fly (Kangxi radical 183)	1361	trad	0	1361
面	面	mian4	face; aspect; side; noodle; flour (Kangxi radical 176)	1362	trad	0	1362
面	麵	mian4	noodle; flour	1363	trad	0	1363
革	革	ge2	leather (Kangxi radical 177); to reform	1364	trad	0	1364
鞋	鞋	xie2	shoes	1365	trad	0	1365
馨	馨	xin1	(formal) strong and pervasive fragrance; fragrant	1366	trad	0	1366
声	聲	sheng1	sound; voice; (mw for sound)	1367	trad	0	1367
吴	吳	wu2	Wu (common surname); name of states in Southern China at different historical periods	1368	trad	0	1368
娱	娛	yu2	amusement; pleasure; enjoyment	1369	trad	0	1369
误	誤	wu4	to mistake; error; to delay	1370	trad	0	1370
承	承	cheng2	to bear; undertake	1371	trad	0	1371
蒸	蒸	zheng1	to steam; to braise; evaporate	1372	trad	0	1372
牙	牙	ya2	tooth (Kangxi radical 92)	1373	trad	0	1373
穿	穿	chuan1	to wear; put on; penetrate	1374	trad	0	1374
呀	呀	ya5, ya1	ah; oh; (used for 啊 after words ending with a, e, i, o, or u)	1375	trad	0	1375
释	釋	shi4	explain; interpret; release	1376	trad	0	1376
番	番	fan1, pan1	(mw for acts or deeds); foreign; surname Pan	1377	trad	0	1377
翻	翻	fan1	turn over; capsize; translate	1378	trad	0	1378
播	播	bo1	to broadcast; to sow; to spread	1379	trad	0	1379
毛	毛	mao2	hair; fur; feather; Chinese unit of money equal to 1/10 yuan (Kangxi radical 82)	1380	trad	0	1380
尾	尾	wei3	tail; rear; remnant	1381	trad	0	1381
宅	宅	zhai2	residence; dwelling; (coll.) to stay in at home	1382	trad	0	1382
托	託	tuo1	to trust; entrust	1383	trad	0	1383
为	為	wei2, wei4	be; become; for; on account of	1384	trad	0	1384
伪	偽	wei3, wei4	false; counterfeit; bogus	1385	trad	0	1385
长	長	chang2, zhang3	long; length; grow; chief (Kangxi radical 168)	1386	trad	0	1386
张	張	zhang1	(mw for flat objects); open; expand; (common surname)	1387	trad	0	1387
涨	漲	zhang3, zhang4	rise (e.g. water, prices); swell; exceed capacity	1388	trad	0	1388
套	套	tao4	cover; sheath; (mw for sets of things); tie together	1389	trad	0	1389
发	髮	fa4, fa3	hair	1390	trad	0	1390
展	展	zhan3	develop; spread out; unfold; postpone; exhibit	1391	trad	0	1391
丧	喪	sang4, sang1	to lose (by death); to mourn; funeral	1392	trad	0	1392
雁	雁	yan4	wild goose	1393	trad	0	1393
应	應	ying1, ying4	agree; must; should; ought to; respond; deal with; to answer	1394	trad	0	1394
鸟	鳥	niao3	bird (Kangxi radical 196)	1395	trad	0	1395
鹰	鷹	ying1	eagle; falcon; hawk	1396	trad	0	1396
鸭	鴨	ya1	duck	1397	trad	0	1397
岛	島	dao3	island	1398	trad	0	1398
遇	遇	yu4	meet with; encounter	1399	trad	0	1399
万	萬	wan4	ten thousand	1400	trad	0	1400
迈	邁	mai4	take a step; stride	1401	trad	0	1401
冈	岡	gang1	ridge; mound	1402	trad	0	1402
刚	剛	gang1	just (immediate past); firm; exactly	1403	trad	0	1403
缺	缺	que1	lack; scarce	1404	trad	0	1404
宝	寶	bao3	jewel; gem; treasure; precious	1405	trad	0	1405
遥	遙	yao2	distant; remote; far away	1406	trad	0	1406
摇	搖	yao2	to shake; to rock	1407	trad	0	1407
兔	兔	tu4	rabbit; hare; bunny	1408	trad	0	1408
逸	逸	yi4	escape; at ease; lost; excellent	1409	trad	0	1409
免	免	mian3	exempt; remove; avoid	1410	trad	0	1410
晚	晚	wan3	evening; night; late	1411	trad	0	1411
象	象	xiang4	elephant; shape; form; appearance; imitate	1412	trad	0	1412
像	像	xiang4	be like; resemble; appearance; image	1413	trad	0	1413
马	馬	ma3	horse (Kangxi radical 187)	1414	trad	0	1414
妈	媽	ma1	ma; mom	1415	trad	0	1415
骂	罵	ma4	scold; curse; condemn; verbally abuse	1416	trad	0	1416
吗	嗎	ma5	(particle for yes/no questions)	1417	trad	0	1417
验	驗	yan4	examine; test; check; analyze	1418	trad	0	1418
骑	騎	qi2	ride or sit (astride)	1419	trad	0	1419
惊	驚	jing1	be frightened; startle; alarm; surprise; shock	1420	trad	0	1420
虎	虎	hu3	tiger	1421	trad	0	1421
虑	慮	lv4	consider; think over; to worry	1422	trad	0	1422
处	處	chu3, chu4	get along with; be in; deal with; punish; place; department	1423	trad	0	1423
戏	戲	xi4, hu1	to play; to joke; show; drama; opera	1424	trad	0	1424
剧	劇	ju4	drama; play; show; severe	1425	trad	0	1425
据	據	ju4, ju1	occupy; seize; rely on; according to; evidence; certificate	1426	trad	0	1426
鹿	鹿	lu4	deer (Kangxi radical 198)	1427	trad	0	1427
尘	塵	chen2	dust; dirt	1428	trad	0	1428
丽	麗	li4, li2	beautiful; Korea	1429	trad	0	1429
熊	熊	xiong2	a bear	1430	trad	0	1430
能	能	neng2	can; be able; capable; energy; ability	1431	trad	0	1431
态	態	tai4	form; appearance; condition	1432	trad	0	1432
寅	寅	yin2	(3rd Earthly Branch)	1433	trad	0	1433
演	演	yan3	act; develop; perform; practice; to show (a film)	1434	trad	0	1434
辰	辰	chen2	celestial body; morning; year of the  Dragon (Kangxi radical 161); 5th earthly branch	1435	trad	0	1435
晨	晨	chen2	dawn; early morning	1436	trad	0	1436
农	農	nong2	agriculture; farming	1437	trad	0	1437
浓	濃	nong2	thick (consistency of liquid); concentrated; dense; (of degree or extent) great, strong	1438	trad	0	1438
送	送	song4	to deliver; to carry; to give; to send; to take someone somewhere	1439	trad	0	1439
鬼	鬼	gui3	ghost; sly; crafty (Kangxi radical 194)	1440	trad	0	1440
魔	魔	mo2	devil; demon; evil spirits; magic power	1441	trad	0	1441
块	塊	kuai4	lump; chunk (mw for pieces of soap, cake, cloth, units of currency, etc)	1442	trad	0	1442
龙	龍	long2	dragon (Kangxi radical 212)	1443	trad	0	1443
袭	襲	xi2	to attack; raid; inherit; (mw for long clothes)	1444	trad	0	1444
儿	兒	er2	child; son (Kangxi radical 10); ; (retroflex final)	1445	trad	0	1445
旧	舊	jiu4	old; past; used	1446	trad	0	1446
写	寫	xie3	write; compose	1447	trad	0	1447
泻	瀉	xie4	flow (out) swiftly; have diarrhea; a laxative	1448	trad	0	1448
两	兩	liang3	two (cardinal number); both; (unit of weight equal to 50 grams)	1449	trad	0	1449
俩	倆	lia3, liang3	(colloquial) two (people); some; both	1450	trad	0	1450
满	滿	man3	full; orig. plentiful; abundant; 	1451	trad	0	1451
尔	爾	er3	(archaic) you; that; thus 	1452	trad	0	1452
弥	彌	mi2	more and more; to fill; fully; overflowing	1453	trad	0	1453
虚	虛	xu1	empty; void; false; weak	1454	trad	0	1454
联	聯	lian2	to ally; to unite; join	1455	trad	0	1455
关	關	guan1	to close; shut; concern; relationship; turn off; mountain pass	1456	trad	0	1456
那	那	na4, nei4	that; in that case; then	1457	trad	0	1457
哪	哪	na3, nei3, na5	which; how	1458	trad	0	1458
巫	巫	wu1	witch	1459	trad	0	1459
灵	靈	ling2	alert; clever; effective; spirit; departed soul	1460	trad	0	1460
县	縣	xian4	county; district	1461	trad	0	1461
悬	懸	xuan2	to hang; suspend; unresolved; feel anxious; imagine	1462	trad	0	1462
与	與	yu3, yu4, yu2	(formal) and; to give; together with; participate	1463	trad	0	1463
举	舉	ju3	lift; raise; cite; choose; entire	1464	trad	0	1464
脑	腦	nao3	brain	1465	trad	0	1465
恼	惱	nao3	become angry; anger	1466	trad	0	1466
专	專	zhuan1	concentrated; focused; specialized	1467	trad	0	1467
传	傳	chuan2, zhuan4	pass on; hand down; to spread; biography; tale	1468	trad	0	1468
转	轉	zhuan3, zhuan4	to turn; to change; pass on; transfer; revolve; rotate	1469	trad	0	1469
团	團	tuan2	group; team; round; ball; unite; dumpling; (mw for ball-like things)	1470	trad	0	1470
黄	黃	huang2	yellow; (common surname) (Kangxi radical 201)	1471	trad	0	1471
广	廣	guang3	wide; extensive; to spread	1472	trad	0	1472
横	橫	heng2, heng4	horizontal; across; (horizontal character stroke); harsh; unexpected	1473	trad	0	1473
窗	窗	chuang1	window	1474	trad	0	1474
总	總	zong3	always; general; assemble; total	1475	trad	0	1475
詹	詹	zhan1	verbose; talkative; (surname)	1476	trad	0	1476
担	擔	dan1, dan4	carry on shoulder pole; take on; undertake; (MW of weight equal to 50 kg)	1477	trad	0	1477
数	數	shu4, shu3, shuo4	number; to count; to rank; frequently; repeatedly	1478	trad	0	1478
楼	樓	lou2	floor; storied building	1479	trad	0	1479
独	獨	du2	alone; independent; single	1480	trad	0	1480
属	屬	shu3, zhu3	belong to (a group); associated with; genus (biology); born in the year of (one of the 12 animals); join together; focus on	1481	trad	0	1481
烂	爛	lan4	overcooked; rotten; soft; mushy	1482	trad	0	1482
兰	蘭	lan2	orchid; elegant; graceful	1483	trad	0	1483
从	從	cong2	from; follow; since; obey; observe	1484	trad	0	1484
纵	縱	zong4	vertical; from north to south; to release; indulge	1485	trad	0	1485
齐	齊	qi2	even; aligned; be level with; neat; uniform (Kangxi radical 210); surname	1486	trad	0	1486
济	濟	ji4, ji3	aid; helpful; ferry; cross (a river); numerous; (used in place names)	1487	trad	0	1487
丑	醜	chou3	ugly; disgraceful; clown in Beijing Opera etc.; 2nd Earthly Branch	1488	trad	0	1488
扭	扭	niu3	to turn; to twist; to grab	1489	trad	0	1489
卑	卑	bei1	low; inferior; modest; humble	1490	trad	0	1490
牌	牌	pai2	board; sign; brand; cards, game pieces, medal	1491	trad	0	1491
号	號	hao4, hao2	number; day of a month; (mw for ordinal numbers); howl	1492	trad	0	1492
怪	怪	guai4	strange; to blame; monster	1493	trad	0	1493
赤	赤	chi4	red; naked (Kangxi radical 155)	1494	trad	0	1494
极	極	ji2	extremely; utmost point; extremity; pole	1495	trad	0	1495
亦	亦	yi4	also; too	1496	trad	0	1496
杂	雜	za2	mixed; miscellaneous; various	1497	trad	0	1497
曰	曰	yue1	speak; say (Kangxi radical 73)	1498	trad	0	1498
乱	亂	luan4	disorder; confusion; arbitrarily	1499	trad	0	1499
